Id;AnfrageId;CPEId;Typ;ResultNr;LocalScore;GlobalScore;Created
1;32;747676;3;0;0,001488095;0,1129336;2023-07-13 23:37:40.190
2;32;747667;3;1;0,001488095;0,1129336;2023-07-13 23:37:40.273
3;32;747678;3;2;0,001488095;0,1129336;2023-07-13 23:37:40.277
4;32;747670;3;3;0,001488095;0,1129336;2023-07-13 23:37:40.277
5;32;747671;3;4;0,001488095;0,1129336;2023-07-13 23:37:40.277
6;32;747672;3;5;0,001488095;0,1129336;2023-07-13 23:37:40.280
7;32;747676;2;0;8,75436E-07;0,1129336;2023-07-13 23:38:26.480
8;32;747740;2;1;8,75436E-07;0,1129336;2023-07-13 23:38:26.483
9;32;747882;2;2;8,75436E-07;0,1129336;2023-07-13 23:38:26.483
10;32;747939;2;3;8,75436E-07;0,1129336;2023-07-13 23:38:26.487
11;32;747009;2;4;0,0008865249;0,1314521;2023-07-13 23:38:26.487
12;32;745279;2;5;0,0009874918;0,09441511;2023-07-13 23:38:26.490
13;32;747676;1;0;0,001488095;0,1129336;2023-07-13 23:39:47.237
14;32;747667;1;1;0,001488095;0,1129336;2023-07-13 23:39:47.237
15;32;747678;1;2;0,001488095;0,1129336;2023-07-13 23:39:47.237
16;32;747670;1;3;0,001488095;0,1129336;2023-07-13 23:39:47.240
17;32;747671;1;4;0,001488095;0,1129336;2023-07-13 23:39:47.240
18;32;747672;1;5;0,001488095;0,1129336;2023-07-13 23:39:47.240
19;33;993541;3;0;1,331414E-07;0,108005;2023-07-13 23:39:54.220
20;33;993559;3;1;1,331414E-07;0,108005;2023-07-13 23:39:54.220
21;33;993513;3;2;1,331414E-07;0,108005;2023-07-13 23:39:54.223
22;33;993521;3;3;1,331414E-07;0,108005;2023-07-13 23:39:54.223
23;33;993539;3;4;1,331414E-07;0,108005;2023-07-13 23:39:54.227
24;33;993560;3;5;1,331414E-07;0,108005;2023-07-13 23:39:54.227
25;33;993541;2;0;1,884389E-08;0,108005;2023-07-13 23:40:35.707
26;33;993559;2;1;1,884389E-08;0,108005;2023-07-13 23:40:35.710
27;33;994101;2;2;1,884389E-08;0,108005;2023-07-13 23:40:35.713
28;33;993568;2;3;1,884389E-08;0,108005;2023-07-13 23:40:35.713
29;33;993569;2;4;1,884389E-08;0,108005;2023-07-13 23:40:35.717
30;33;993444;2;5;6,790082E-06;0,1147999;2023-07-13 23:40:35.717
31;33;993541;1;0;1,331414E-07;0,108005;2023-07-13 23:42:05.563
32;33;993559;1;1;1,331414E-07;0,108005;2023-07-13 23:42:05.563
33;33;993513;1;2;1,331414E-07;0,108005;2023-07-13 23:42:05.563
34;33;993521;1;3;1,331414E-07;0,108005;2023-07-13 23:42:05.567
35;33;993539;1;4;1,331414E-07;0,108005;2023-07-13 23:42:05.567
36;33;993560;1;5;1,331414E-07;0,108005;2023-07-13 23:42:05.567
37;34;747002;3;0;0,04166667;0,1314521;2023-07-13 23:42:12.083
38;34;747005;3;1;0,04166667;0,1314521;2023-07-13 23:42:12.083
39;34;747006;3;2;0,04166667;0,1314521;2023-07-13 23:42:12.087
40;34;747012;3;3;0,04166667;0,1314521;2023-07-13 23:42:12.087
41;34;747009;3;4;0,04166667;0,1314521;2023-07-13 23:42:12.087
42;34;746999;3;5;0,04166667;0,1314521;2023-07-13 23:42:12.087
43;34;747269;2;0;0,001197605;0,1314521;2023-07-13 23:42:56.567
44;34;748153;2;1;0,001197605;0,1314521;2023-07-13 23:42:56.567
45;34;748154;2;2;0,001197605;0,1314521;2023-07-13 23:42:56.570
46;34;748319;2;3;0,001197605;0,1314521;2023-07-13 23:42:56.570
47;34;747002;2;4;0,001197605;0,1314521;2023-07-13 23:42:56.570
48;34;747005;2;5;0,001197605;0,1314521;2023-07-13 23:42:56.570
49;34;747002;1;0;0,04166667;0,1314521;2023-07-13 23:43:57.797
50;34;747005;1;1;0,04166667;0,1314521;2023-07-13 23:43:57.797
51;34;747006;1;2;0,04166667;0,1314521;2023-07-13 23:43:57.797
52;34;747012;1;3;0,04166667;0,1314521;2023-07-13 23:43:57.800
53;34;747009;1;4;0,04166667;0,1314521;2023-07-13 23:43:57.800
54;34;746999;1;5;0,04166667;0,1314521;2023-07-13 23:43:57.800
55;35;747676;3;0;0,001488095;0,1129336;2023-07-13 23:44:04.483
56;35;747667;3;1;0,001488095;0,1129336;2023-07-13 23:44:04.487
57;35;747670;3;2;0,001488095;0,1129336;2023-07-13 23:44:04.490
58;35;747671;3;3;0,001488095;0,1129336;2023-07-13 23:44:04.490
59;35;747672;3;4;0,001488095;0,1129336;2023-07-13 23:44:04.490
60;35;747678;3;5;0,001488095;0,1129336;2023-07-13 23:44:04.493
61;35;745295;2;0;0,0009874918;0,09441511;2023-07-13 23:44:50.260
62;35;747676;2;1;8,75436E-07;0,1129336;2023-07-13 23:44:50.273
63;35;747074;2;2;0,0008865249;0,1314521;2023-07-13 23:44:50.277
64;35;745279;2;3;0,0009874918;0,09441511;2023-07-13 23:44:50.283
65;35;745290;2;4;0,0009874918;0,09441511;2023-07-13 23:44:50.293
66;35;745302;2;5;0,0009874918;0,09441511;2023-07-13 23:44:50.307
67;35;747676;1;0;0,001488095;0,1129336;2023-07-13 23:46:05.630
68;35;747667;1;1;0,001488095;0,1129336;2023-07-13 23:46:05.633
69;35;747670;1;2;0,001488095;0,1129336;2023-07-13 23:46:05.633
70;35;747671;1;3;0,001488095;0,1129336;2023-07-13 23:46:05.633
71;35;747672;1;4;0,001488095;0,1129336;2023-07-13 23:46:05.637
72;35;747678;1;5;0,001488095;0,1129336;2023-07-13 23:46:05.637
73;36;829772;3;0;0,01846154;0,2153382;2023-07-13 23:46:30.280
74;36;829773;3;1;0,01846154;0,2153382;2023-07-13 23:46:30.297
75;36;829774;3;2;0,01846154;0,2153382;2023-07-13 23:46:30.307
76;36;829775;3;3;0,01846154;0,2153382;2023-07-13 23:46:30.323
77;36;829776;3;4;0,01846154;0,2153382;2023-07-13 23:46:30.340
78;36;829777;3;5;0,01846154;0,2153382;2023-07-13 23:46:30.357
79;36;NULL;2;0;NULL;NULL;2023-07-13 23:47:17.010
80;36;NULL;1;0;NULL;NULL;2023-07-13 23:48:30.970
81;37;747676;3;0;0,001488095;0,1129336;2023-07-13 23:48:37.657
82;37;747667;3;1;0,001488095;0,1129336;2023-07-13 23:48:37.657
83;37;747678;3;2;0,001488095;0,1129336;2023-07-13 23:48:37.660
84;37;747670;3;3;0,001488095;0,1129336;2023-07-13 23:48:37.660
85;37;747671;3;4;0,001488095;0,1129336;2023-07-13 23:48:37.660
86;37;747672;3;5;0,001488095;0,1129336;2023-07-13 23:48:37.663
87;37;747676;2;0;8,75436E-07;0,1129336;2023-07-13 23:49:22.893
88;37;745279;2;1;0,0009874918;0,09441511;2023-07-13 23:49:22.893
89;37;747667;2;2;8,75436E-07;0,1129336;2023-07-13 23:49:22.893
90;37;747678;2;3;8,75436E-07;0,1129336;2023-07-13 23:49:22.897
91;37;747347;2;4;0,0008865249;0,1314521;2023-07-13 23:49:22.897
92;37;747027;2;5;0,0008865249;0,1314521;2023-07-13 23:49:22.897
93;37;747676;1;0;0,001488095;0,1129336;2023-07-13 23:50:36.720
94;37;747667;1;1;0,001488095;0,1129336;2023-07-13 23:50:36.723
95;37;747678;1;2;0,001488095;0,1129336;2023-07-13 23:50:36.723
96;37;747670;1;3;0,001488095;0,1129336;2023-07-13 23:50:36.723
97;37;747671;1;4;0,001488095;0,1129336;2023-07-13 23:50:36.727
98;37;747672;1;5;0,001488095;0,1129336;2023-07-13 23:50:36.727
99;38;829775;3;0;0,01846154;0,2153382;2023-07-13 23:51:01.257
100;38;829776;3;1;0,01846154;0,2153382;2023-07-13 23:51:01.257
101;38;829777;3;2;0,01846154;0,2153382;2023-07-13 23:51:01.257
102;38;829778;3;3;0,01846154;0,2153382;2023-07-13 23:51:01.260
103;38;829787;3;4;0,01846154;0,2153382;2023-07-13 23:51:01.260
104;38;829780;3;5;0,01846154;0,2153382;2023-07-13 23:51:01.260
105;38;NULL;2;0;NULL;NULL;2023-07-13 23:51:47.327
106;38;NULL;1;0;NULL;NULL;2023-07-13 23:53:03.637
107;39;829379;3;0;0,08888889;0,6309296;2023-07-13 23:53:28.757
108;39;NULL;3;1;NULL;NULL;2023-07-13 23:53:28.767
109;39;826699;2;0;1;0;2023-07-13 23:54:15.093
110;39;NULL;2;1;NULL;NULL;2023-07-13 23:54:15.097
111;39;NULL;1;0;NULL;NULL;2023-07-13 23:55:45.513
112;40;993511;3;0;1,331414E-07;0,108005;2023-07-13 23:55:57.223
113;40;993512;3;1;1,331414E-07;0,108005;2023-07-13 23:55:57.223
114;40;993513;3;2;1,331414E-07;0,108005;2023-07-13 23:55:57.227
115;40;993521;3;3;1,331414E-07;0,108005;2023-07-13 23:55:57.227
116;40;993539;3;4;1,331414E-07;0,108005;2023-07-13 23:55:57.227
117;40;993541;3;5;1,331414E-07;0,108005;2023-07-13 23:55:57.230
118;40;NULL;2;0;NULL;NULL;2023-07-13 23:56:39.950
119;40;NULL;1;0;NULL;NULL;2023-07-13 23:58:11.570
120;41;747676;3;0;0,001488095;0,1129336;2023-07-13 23:58:18.357
121;41;747667;3;1;0,001488095;0,1129336;2023-07-13 23:58:18.357
122;41;747670;3;2;0,001488095;0,1129336;2023-07-13 23:58:18.357
123;41;747671;3;3;0,001488095;0,1129336;2023-07-13 23:58:18.360
124;41;747672;3;4;0,001488095;0,1129336;2023-07-13 23:58:18.360
125;41;747678;3;5;0,001488095;0,1129336;2023-07-13 23:58:18.360
126;41;745295;2;0;0,0009874918;0,09441511;2023-07-13 23:59:02.983
127;41;747676;2;1;8,75436E-07;0,1129336;2023-07-13 23:59:02.983
128;41;747354;2;2;0,0008865249;0,1314521;2023-07-13 23:59:02.987
129;41;747074;2;3;0,0008865249;0,1314521;2023-07-13 23:59:02.987
130;41;745279;2;4;0,0009874918;0,09441511;2023-07-13 23:59:02.987
131;41;745290;2;5;0,0009874918;0,09441511;2023-07-13 23:59:02.990
132;41;747676;1;0;0,001488095;0,1129336;2023-07-14 00:00:16.440
133;41;747667;1;1;0,001488095;0,1129336;2023-07-14 00:00:16.440
134;41;747670;1;2;0,001488095;0,1129336;2023-07-14 00:00:16.447
135;41;747671;1;3;0,001488095;0,1129336;2023-07-14 00:00:16.450
136;41;747672;1;4;0,001488095;0,1129336;2023-07-14 00:00:16.453
137;41;747678;1;5;0,001488095;0,1129336;2023-07-14 00:00:16.453
138;42;416046;3;0;9,756479E-05;0,1294009;2023-07-14 00:01:03.137
139;42;416047;3;1;9,756479E-05;0,1294009;2023-07-14 00:01:03.140
140;42;416048;3;2;9,756479E-05;0,1294009;2023-07-14 00:01:03.140
141;42;416049;3;3;9,756479E-05;0,1294009;2023-07-14 00:01:03.140
142;42;416050;3;4;9,756479E-05;0,1294009;2023-07-14 00:01:03.143
143;42;416051;3;5;9,756479E-05;0,1294009;2023-07-14 00:01:03.143
144;42;434678;2;0;0,009920635;0,1294009;2023-07-14 00:01:48.517
145;42;434679;2;1;0,009920635;0,1294009;2023-07-14 00:01:48.527
146;42;434680;2;2;0,009920635;0,1294009;2023-07-14 00:01:48.537
147;42;434681;2;3;0,009920635;0,1294009;2023-07-14 00:01:48.543
148;42;434682;2;4;0,009920635;0,1294009;2023-07-14 00:01:48.550
149;42;434683;2;5;0,009920635;0,1294009;2023-07-14 00:01:48.557
150;42;NULL;1;0;NULL;NULL;2023-07-14 00:02:48.530
151;43;747002;3;0;0,04166667;0,1314521;2023-07-14 00:02:55.280
152;43;747009;3;1;0,04166667;0,1314521;2023-07-14 00:02:55.283
153;43;747007;3;2;0,04166667;0,1314521;2023-07-14 00:02:55.283
154;43;746999;3;3;0,04166667;0,1314521;2023-07-14 00:02:55.283
155;43;747003;3;4;0,04166667;0,1314521;2023-07-14 00:02:55.287
156;43;747004;3;5;0,04166667;0,1314521;2023-07-14 00:02:55.287
157;43;747002;2;0;0,001197605;0,1314521;2023-07-14 00:03:39.490
158;43;747342;2;1;0,001197605;0,1314521;2023-07-14 00:03:39.493
159;43;748171;2;2;0,001197605;0,1314521;2023-07-14 00:03:39.493
160;43;747668;2;3;0,001197605;0,1314521;2023-07-14 00:03:39.493
161;43;747669;2;4;0,001197605;0,1314521;2023-07-14 00:03:39.497
162;43;747040;2;5;0,001197605;0,1314521;2023-07-14 00:03:39.497
163;43;747002;1;0;0,04166667;0,1314521;2023-07-14 00:04:39.233
164;43;747009;1;1;0,04166667;0,1314521;2023-07-14 00:04:39.233
165;43;747007;1;2;0,04166667;0,1314521;2023-07-14 00:04:39.233
166;43;746999;1;3;0,04166667;0,1314521;2023-07-14 00:04:39.237
167;43;747003;1;4;0,04166667;0,1314521;2023-07-14 00:04:39.237
168;43;747004;1;5;0,04166667;0,1314521;2023-07-14 00:04:39.237
169;44;747676;3;0;0,001488095;0,1129336;2023-07-14 00:04:45.907
170;44;747667;3;1;0,001488095;0,1129336;2023-07-14 00:04:45.910
171;44;747678;3;2;0,001488095;0,1129336;2023-07-14 00:04:45.910
172;44;747670;3;3;0,001488095;0,1129336;2023-07-14 00:04:45.910
173;44;747671;3;4;0,001488095;0,1129336;2023-07-14 00:04:45.913
174;44;747672;3;5;0,001488095;0,1129336;2023-07-14 00:04:45.913
175;44;747676;2;0;8,75436E-07;0,1129336;2023-07-14 00:05:31.967
176;44;747740;2;1;8,75436E-07;0,1129336;2023-07-14 00:05:31.967
177;44;747882;2;2;8,75436E-07;0,1129336;2023-07-14 00:05:31.967
178;44;747939;2;3;8,75436E-07;0,1129336;2023-07-14 00:05:31.970
179;44;747009;2;4;0,0008865249;0,1314521;2023-07-14 00:05:31.970
180;44;745279;2;5;0,0009874918;0,09441511;2023-07-14 00:05:31.970
181;44;747676;1;0;0,001488095;0,1129336;2023-07-14 00:06:51.003
182;44;747667;1;1;0,001488095;0,1129336;2023-07-14 00:06:51.007
183;44;747678;1;2;0,001488095;0,1129336;2023-07-14 00:06:51.007
184;44;747670;1;3;0,001488095;0,1129336;2023-07-14 00:06:51.010
185;44;747671;1;4;0,001488095;0,1129336;2023-07-14 00:06:51.010
186;44;747672;1;5;0,001488095;0,1129336;2023-07-14 00:06:51.013
187;45;747002;3;0;0,04166667;0,1314521;2023-07-14 00:06:57.750
188;45;747009;3;1;0,04166667;0,1314521;2023-07-14 00:06:57.750
189;45;747007;3;2;0,04166667;0,1314521;2023-07-14 00:06:57.750
190;45;747012;3;3;0,04166667;0,1314521;2023-07-14 00:06:57.753
191;45;746999;3;4;0,04166667;0,1314521;2023-07-14 00:06:57.753
192;45;747003;3;5;0,04166667;0,1314521;2023-07-14 00:06:57.753
193;45;747002;2;0;0,001197605;0,1314521;2023-07-14 00:07:40.767
194;45;747342;2;1;0,001197605;0,1314521;2023-07-14 00:07:40.767
195;45;748171;2;2;0,001197605;0,1314521;2023-07-14 00:07:40.767
196;45;747668;2;3;0,001197605;0,1314521;2023-07-14 00:07:40.770
197;45;747669;2;4;0,001197605;0,1314521;2023-07-14 00:07:40.770
198;45;747040;2;5;0,001197605;0,1314521;2023-07-14 00:07:40.770
199;45;747002;1;0;0,04166667;0,1314521;2023-07-14 00:08:41.687
200;45;747009;1;1;0,04166667;0,1314521;2023-07-14 00:08:41.687
201;45;747007;1;2;0,04166667;0,1314521;2023-07-14 00:08:41.690
202;45;747012;1;3;0,04166667;0,1314521;2023-07-14 00:08:41.690
203;45;746999;1;4;0,04166667;0,1314521;2023-07-14 00:08:41.690
204;45;747003;1;5;0,04166667;0,1314521;2023-07-14 00:08:41.693
205;46;829379;3;0;0,05797102;0,6309296;2023-07-14 00:09:06.033
206;46;NULL;3;1;NULL;NULL;2023-07-14 00:09:06.050
207;46;829783;2;0;0,03726708;0,2153382;2023-07-14 00:09:51.730
208;46;829784;2;1;0,03726708;0,2153382;2023-07-14 00:09:51.733
209;46;829785;2;2;0,03726708;0,2153382;2023-07-14 00:09:51.737
210;46;829786;2;3;0,03726708;0,2153382;2023-07-14 00:09:51.737
211;46;825191;2;4;0,04347826;0,4999999;2023-07-14 00:09:51.737
212;46;825192;2;5;0,04347826;0,4999999;2023-07-14 00:09:51.740
213;46;NULL;1;0;NULL;NULL;2023-07-14 00:11:36.177
214;47;747672;3;0;0,001488095;0,1129336;2023-07-14 00:11:42.813
215;47;747670;3;1;0,001488095;0,1129336;2023-07-14 00:11:42.817
216;47;747671;3;2;0,001488095;0,1129336;2023-07-14 00:11:42.817
217;47;747667;3;3;0,001488095;0,1129336;2023-07-14 00:11:42.817
218;47;747676;3;4;0,001488095;0,1129336;2023-07-14 00:11:42.817
219;47;747678;3;5;0,001488095;0,1129336;2023-07-14 00:11:42.820
220;47;747672;2;0;8,75436E-07;0,1129336;2023-07-14 00:12:28.643
221;47;747740;2;1;8,75436E-07;0,1129336;2023-07-14 00:12:28.650
222;47;747882;2;2;8,75436E-07;0,1129336;2023-07-14 00:12:28.653
223;47;747939;2;3;8,75436E-07;0,1129336;2023-07-14 00:12:28.660
224;47;747009;2;4;0,0008865249;0,1314521;2023-07-14 00:12:28.663
225;47;747269;2;5;0,0008865249;0,1314521;2023-07-14 00:12:28.667
226;47;747672;1;0;0,001488095;0,1129336;2023-07-14 00:13:45.803
227;47;747670;1;1;0,001488095;0,1129336;2023-07-14 00:13:45.803
228;47;747671;1;2;0,001488095;0,1129336;2023-07-14 00:13:45.807
229;47;747667;1;3;0,001488095;0,1129336;2023-07-14 00:13:45.807
230;47;747676;1;4;0,001488095;0,1129336;2023-07-14 00:13:45.807
231;47;747678;1;5;0,001488095;0,1129336;2023-07-14 00:13:45.810
232;48;829773;3;0;0,01846154;0,2153382;2023-07-14 00:14:10.230
233;48;829774;3;1;0,01846154;0,2153382;2023-07-14 00:14:10.230
234;48;829775;3;2;0,01846154;0,2153382;2023-07-14 00:14:10.230
235;48;829776;3;3;0,01846154;0,2153382;2023-07-14 00:14:10.233
236;48;829777;3;4;0,01846154;0,2153382;2023-07-14 00:14:10.233
237;48;829778;3;5;0,01846154;0,2153382;2023-07-14 00:14:10.237
238;48;NULL;2;0;NULL;NULL;2023-07-14 00:14:55.450
239;48;NULL;1;0;NULL;NULL;2023-07-14 00:16:12.077
240;49;416046;3;0;9,756479E-05;0,1294009;2023-07-14 00:17:03.090
241;49;416047;3;1;9,756479E-05;0,1294009;2023-07-14 00:17:03.090
242;49;416048;3;2;9,756479E-05;0,1294009;2023-07-14 00:17:03.093
243;49;416049;3;3;9,756479E-05;0,1294009;2023-07-14 00:17:03.093
244;49;416050;3;4;9,756479E-05;0,1294009;2023-07-14 00:17:03.093
245;49;416051;3;5;9,756479E-05;0,1294009;2023-07-14 00:17:03.097
246;49;434678;2;0;0,009920635;0,1294009;2023-07-14 00:17:49.007
247;49;434679;2;1;0,009920635;0,1294009;2023-07-14 00:17:49.007
248;49;434680;2;2;0,009920635;0,1294009;2023-07-14 00:17:49.010
249;49;434681;2;3;0,009920635;0,1294009;2023-07-14 00:17:49.010
250;49;434682;2;4;0,009920635;0,1294009;2023-07-14 00:17:49.010
251;49;434683;2;5;0,009920635;0,1294009;2023-07-14 00:17:49.010
252;49;NULL;1;0;NULL;NULL;2023-07-14 00:18:49.460
253;50;747668;3;0;0,001488095;0,1129336;2023-07-14 00:18:56.040
254;50;747669;3;1;0,001488095;0,1129336;2023-07-14 00:18:56.040
255;50;747676;3;2;0,001488095;0,1129336;2023-07-14 00:18:56.047
256;50;747667;3;3;0,001488095;0,1129336;2023-07-14 00:18:56.047
257;50;747670;3;4;0,001488095;0,1129336;2023-07-14 00:18:56.047
258;50;747671;3;5;0,001488095;0,1129336;2023-07-14 00:18:56.050
259;50;747009;2;0;0,0008865249;0,1314521;2023-07-14 00:19:42.480
260;50;747269;2;1;0,0008865249;0,1314521;2023-07-14 00:19:42.480
261;50;747924;2;2;8,75436E-07;0,1129336;2023-07-14 00:19:42.480
262;50;747740;2;3;8,75436E-07;0,1129336;2023-07-14 00:19:42.483
263;50;747882;2;4;8,75436E-07;0,1129336;2023-07-14 00:19:42.483
264;50;747939;2;5;8,75436E-07;0,1129336;2023-07-14 00:19:42.487
265;50;747668;1;0;0,001488095;0,1129336;2023-07-14 00:20:59.533
266;50;747669;1;1;0,001488095;0,1129336;2023-07-14 00:20:59.537
267;50;747676;1;2;0,001488095;0,1129336;2023-07-14 00:20:59.540
268;50;747667;1;3;0,001488095;0,1129336;2023-07-14 00:20:59.540
269;50;747670;1;4;0,001488095;0,1129336;2023-07-14 00:20:59.543
270;50;747671;1;5;0,001488095;0,1129336;2023-07-14 00:20:59.543
271;51;416046;3;0;9,756479E-05;0,1294009;2023-07-14 00:21:47.400
272;51;416047;3;1;9,756479E-05;0,1294009;2023-07-14 00:21:47.400
273;51;416048;3;2;9,756479E-05;0,1294009;2023-07-14 00:21:47.400
274;51;416049;3;3;9,756479E-05;0,1294009;2023-07-14 00:21:47.403
275;51;416050;3;4;9,756479E-05;0,1294009;2023-07-14 00:21:47.403
276;51;416051;3;5;9,756479E-05;0,1294009;2023-07-14 00:21:47.407
277;51;434678;2;0;0,009920635;0,1294009;2023-07-14 00:22:33.263
278;51;434679;2;1;0,009920635;0,1294009;2023-07-14 00:22:33.263
279;51;434680;2;2;0,009920635;0,1294009;2023-07-14 00:22:33.267
280;51;434681;2;3;0,009920635;0,1294009;2023-07-14 00:22:33.267
281;51;434682;2;4;0,009920635;0,1294009;2023-07-14 00:22:33.267
282;51;434683;2;5;0,009920635;0,1294009;2023-07-14 00:22:33.270
283;51;NULL;1;0;NULL;NULL;2023-07-14 00:23:35.367
284;52;829379;3;0;0,08888889;0,6309296;2023-07-14 00:23:59.930
285;52;NULL;3;1;NULL;NULL;2023-07-14 00:23:59.950
286;52;826699;2;0;1;0;2023-07-14 00:24:46.297
287;52;NULL;2;1;NULL;NULL;2023-07-14 00:24:46.313
288;52;NULL;1;0;NULL;NULL;2023-07-14 00:26:13.810
289;53;747667;3;0;0,001488095;0,1129336;2023-07-14 00:26:20.337
290;53;747668;3;1;0,001488095;0,1129336;2023-07-14 00:26:20.337
291;53;747669;3;2;0,001488095;0,1129336;2023-07-14 00:26:20.340
292;53;747670;3;3;0,001488095;0,1129336;2023-07-14 00:26:20.340
293;53;747671;3;4;0,001488095;0,1129336;2023-07-14 00:26:20.343
294;53;747672;3;5;0,001488095;0,1129336;2023-07-14 00:26:20.347
295;53;747012;2;0;0,0008865249;0,1314521;2023-07-14 00:27:05.783
296;53;747740;2;1;8,75436E-07;0,1129336;2023-07-14 00:27:05.783
297;53;747882;2;2;8,75436E-07;0,1129336;2023-07-14 00:27:05.783
298;53;747939;2;3;8,75436E-07;0,1129336;2023-07-14 00:27:05.787
299;53;747924;2;4;8,75436E-07;0,1129336;2023-07-14 00:27:05.790
300;53;747269;2;5;0,0008865249;0,1314521;2023-07-14 00:27:05.790
301;53;747667;1;0;0,001488095;0,1129336;2023-07-14 00:28:24.220
302;53;747668;1;1;0,001488095;0,1129336;2023-07-14 00:28:24.223
303;53;747669;1;2;0,001488095;0,1129336;2023-07-14 00:28:24.223
304;53;747670;1;3;0,001488095;0,1129336;2023-07-14 00:28:24.227
305;53;747671;1;4;0,001488095;0,1129336;2023-07-14 00:28:24.227
306;53;747672;1;5;0,001488095;0,1129336;2023-07-14 00:28:24.227
307;54;829379;3;0;0,08888889;0,6309296;2023-07-14 00:28:48.230
308;54;829380;3;1;0,08888889;0,6309296;2023-07-14 00:28:48.247
309;54;829381;3;2;0,08888889;0,6309296;2023-07-14 00:28:48.263
310;54;NULL;3;3;NULL;NULL;2023-07-14 00:28:48.280
311;54;826699;2;0;1;0;2023-07-14 00:29:34.727
312;54;NULL;2;1;NULL;NULL;2023-07-14 00:29:34.740
313;54;NULL;1;0;NULL;NULL;2023-07-14 00:31:03.043
314;55;747676;3;0;0,001488095;0,1129336;2023-07-14 00:31:09.550
315;55;747667;3;1;0,001488095;0,1129336;2023-07-14 00:31:09.550
316;55;747678;3;2;0,001488095;0,1129336;2023-07-14 00:31:09.553
317;55;747670;3;3;0,001488095;0,1129336;2023-07-14 00:31:09.553
318;55;747671;3;4;0,001488095;0,1129336;2023-07-14 00:31:09.557
319;55;747672;3;5;0,001488095;0,1129336;2023-07-14 00:31:09.557
320;55;747676;2;0;8,75436E-07;0,1129336;2023-07-14 00:31:55.330
321;55;747740;2;1;8,75436E-07;0,1129336;2023-07-14 00:31:55.333
322;55;747882;2;2;8,75436E-07;0,1129336;2023-07-14 00:31:55.333
323;55;747939;2;3;8,75436E-07;0,1129336;2023-07-14 00:31:55.333
324;55;745279;2;4;0,0009874918;0,09441511;2023-07-14 00:31:55.333
325;55;747667;2;5;8,75436E-07;0,1129336;2023-07-14 00:31:55.337
326;55;747676;1;0;0,001488095;0,1129336;2023-07-14 00:33:09.937
327;55;747667;1;1;0,001488095;0,1129336;2023-07-14 00:33:09.937
328;55;747678;1;2;0,001488095;0,1129336;2023-07-14 00:33:09.940
329;55;747670;1;3;0,001488095;0,1129336;2023-07-14 00:33:09.947
330;55;747671;1;4;0,001488095;0,1129336;2023-07-14 00:33:09.947
331;55;747672;1;5;0,001488095;0,1129336;2023-07-14 00:33:09.950
332;56;745222;3;0;2,378122E-05;0,1357995;2023-07-14 00:33:17.087
333;56;745223;3;1;2,378122E-05;0,1357995;2023-07-14 00:33:17.087
334;56;745233;3;2;2,378122E-05;0,1357995;2023-07-14 00:33:17.087
335;56;745242;3;3;2,378122E-05;0,1357995;2023-07-14 00:33:17.090
336;56;745257;3;4;2,378122E-05;0,1357995;2023-07-14 00:33:17.090
337;56;745279;3;5;2,378122E-05;0,1357995;2023-07-14 00:33:17.090
338;56;745222;2;0;2,111189E-05;0,1357995;2023-07-14 00:33:57.893
339;56;745223;2;1;2,111189E-05;0,1357995;2023-07-14 00:33:57.893
340;56;745233;2;2;2,111189E-05;0,1357995;2023-07-14 00:33:57.897
341;56;745242;2;3;2,111189E-05;0,1357995;2023-07-14 00:33:57.897
342;56;745257;2;4;2,111189E-05;0,1357995;2023-07-14 00:33:57.897
343;56;745279;2;5;2,111189E-05;0,1357995;2023-07-14 00:33:57.900
344;56;745222;1;0;2,378122E-05;0,1357995;2023-07-14 00:35:12.043
345;56;745223;1;1;2,378122E-05;0,1357995;2023-07-14 00:35:12.043
346;56;745233;1;2;2,378122E-05;0,1357995;2023-07-14 00:35:12.043
347;56;745242;1;3;2,378122E-05;0,1357995;2023-07-14 00:35:12.047
348;56;745257;1;4;2,378122E-05;0,1357995;2023-07-14 00:35:12.047
349;56;745279;1;5;2,378122E-05;0,1357995;2023-07-14 00:35:12.047
350;57;747676;3;0;0,001488095;0,1129336;2023-07-14 00:35:18.780
351;57;747667;3;1;0,001488095;0,1129336;2023-07-14 00:35:18.780
352;57;747678;3;2;0,001488095;0,1129336;2023-07-14 00:35:18.780
353;57;747670;3;3;0,001488095;0,1129336;2023-07-14 00:35:18.783
354;57;747671;3;4;0,001488095;0,1129336;2023-07-14 00:35:18.783
355;57;747672;3;5;0,001488095;0,1129336;2023-07-14 00:35:18.783
356;57;747676;2;0;8,75436E-07;0,1129336;2023-07-14 00:36:05.833
357;57;747740;2;1;8,75436E-07;0,1129336;2023-07-14 00:36:05.837
358;57;747882;2;2;8,75436E-07;0,1129336;2023-07-14 00:36:05.837
359;57;747939;2;3;8,75436E-07;0,1129336;2023-07-14 00:36:05.840
360;57;745279;2;4;0,0009874918;0,09441511;2023-07-14 00:36:05.840
361;57;747667;2;5;8,75436E-07;0,1129336;2023-07-14 00:36:05.840
362;57;747676;1;0;0,001488095;0,1129336;2023-07-14 00:37:20.343
363;57;747667;1;1;0,001488095;0,1129336;2023-07-14 00:37:20.347
364;57;747678;1;2;0,001488095;0,1129336;2023-07-14 00:37:20.347
365;57;747670;1;3;0,001488095;0,1129336;2023-07-14 00:37:20.347
366;57;747671;1;4;0,001488095;0,1129336;2023-07-14 00:37:20.350
367;57;747672;1;5;0,001488095;0,1129336;2023-07-14 00:37:20.350
368;58;747668;3;0;0,001488095;0,1129336;2023-07-14 00:37:26.947
369;58;747669;3;1;0,001488095;0,1129336;2023-07-14 00:37:26.950
370;58;747676;3;2;0,001488095;0,1129336;2023-07-14 00:37:26.950
371;58;747667;3;3;0,001488095;0,1129336;2023-07-14 00:37:26.953
372;58;747670;3;4;0,001488095;0,1129336;2023-07-14 00:37:26.953
373;58;747671;3;5;0,001488095;0,1129336;2023-07-14 00:37:26.957
374;58;747269;2;0;0,0008865249;0,1314521;2023-07-14 00:38:13.293
375;58;747924;2;1;8,75436E-07;0,1129336;2023-07-14 00:38:13.293
376;58;747012;2;2;0,0008865249;0,1314521;2023-07-14 00:38:13.293
377;58;747740;2;3;8,75436E-07;0,1129336;2023-07-14 00:38:13.297
378;58;747882;2;4;8,75436E-07;0,1129336;2023-07-14 00:38:13.297
379;58;747939;2;5;8,75436E-07;0,1129336;2023-07-14 00:38:13.297
380;58;747668;1;0;0,001488095;0,1129336;2023-07-14 00:39:30.353
381;58;747669;1;1;0,001488095;0,1129336;2023-07-14 00:39:30.357
382;58;747676;1;2;0,001488095;0,1129336;2023-07-14 00:39:30.357
383;58;747667;1;3;0,001488095;0,1129336;2023-07-14 00:39:30.357
384;58;747670;1;4;0,001488095;0,1129336;2023-07-14 00:39:30.360
385;58;747671;1;5;0,001488095;0,1129336;2023-07-14 00:39:30.360
386;59;416046;3;0;9,756479E-05;0,1294009;2023-07-14 00:40:17.490
387;59;416047;3;1;9,756479E-05;0,1294009;2023-07-14 00:40:17.493
388;59;416048;3;2;9,756479E-05;0,1294009;2023-07-14 00:40:17.493
389;59;416049;3;3;9,756479E-05;0,1294009;2023-07-14 00:40:17.497
390;59;416050;3;4;9,756479E-05;0,1294009;2023-07-14 00:40:17.497
391;59;416051;3;5;9,756479E-05;0,1294009;2023-07-14 00:40:17.497
392;59;434678;2;0;0,009920635;0,1294009;2023-07-14 00:41:04.250
393;59;434679;2;1;0,009920635;0,1294009;2023-07-14 00:41:04.257
394;59;434680;2;2;0,009920635;0,1294009;2023-07-14 00:41:04.260
395;59;434681;2;3;0,009920635;0,1294009;2023-07-14 00:41:04.260
396;59;434682;2;4;0,009920635;0,1294009;2023-07-14 00:41:04.260
397;59;434683;2;5;0,009920635;0,1294009;2023-07-14 00:41:04.263
398;59;NULL;1;0;NULL;NULL;2023-07-14 00:42:03.817
399;60;745222;3;0;2,378122E-05;0,1357995;2023-07-14 00:42:10.953
400;60;745223;3;1;2,378122E-05;0,1357995;2023-07-14 00:42:10.953
401;60;745233;3;2;2,378122E-05;0,1357995;2023-07-14 00:42:10.957
402;60;745242;3;3;2,378122E-05;0,1357995;2023-07-14 00:42:10.957
403;60;745257;3;4;2,378122E-05;0,1357995;2023-07-14 00:42:10.960
404;60;745279;3;5;2,378122E-05;0,1357995;2023-07-14 00:42:10.960
405;60;745222;2;0;2,111189E-05;0,1357995;2023-07-14 00:42:53.033
406;60;745223;2;1;2,111189E-05;0,1357995;2023-07-14 00:42:53.037
407;60;745233;2;2;2,111189E-05;0,1357995;2023-07-14 00:42:53.037
408;60;745242;2;3;2,111189E-05;0,1357995;2023-07-14 00:42:53.040
409;60;745257;2;4;2,111189E-05;0,1357995;2023-07-14 00:42:53.040
410;60;745279;2;5;2,111189E-05;0,1357995;2023-07-14 00:42:53.043
411;60;745222;1;0;2,378122E-05;0,1357995;2023-07-14 00:44:09.190
412;60;745223;1;1;2,378122E-05;0,1357995;2023-07-14 00:44:09.190
413;60;745233;1;2;2,378122E-05;0,1357995;2023-07-14 00:44:09.193
414;60;745242;1;3;2,378122E-05;0,1357995;2023-07-14 00:44:09.193
415;60;745257;1;4;2,378122E-05;0,1357995;2023-07-14 00:44:09.193
416;60;745279;1;5;2,378122E-05;0,1357995;2023-07-14 00:44:09.197
417;61;825650;3;0;0,01333333;0,1919757;2023-07-14 00:44:16.287
418;61;NULL;3;1;NULL;NULL;2023-07-14 00:44:16.287
419;61;825268;2;0;0,00344086;0,1686131;2023-07-14 00:44:57.530
420;61;825269;2;1;0,00344086;0,1686131;2023-07-14 00:44:57.540
421;61;825270;2;2;0,00344086;0,1686131;2023-07-14 00:44:57.543
422;61;825271;2;3;0,00344086;0,1686131;2023-07-14 00:44:57.543
423;61;825272;2;4;0,00344086;0,1686131;2023-07-14 00:44:57.547
424;61;825273;2;5;0,00344086;0,1686131;2023-07-14 00:44:57.550
425;61;NULL;1;0;NULL;NULL;2023-07-14 00:46:11.197
426;62;829787;3;0;0,01333333;0,1919757;2023-07-14 00:46:18.143
427;62;825648;3;1;0,01333333;0,1919757;2023-07-14 00:46:18.143
428;62;825649;3;2;0,01333333;0,1919757;2023-07-14 00:46:18.147
429;62;825650;3;3;0,01333333;0,1919757;2023-07-14 00:46:18.147
430;62;NULL;3;4;NULL;NULL;2023-07-14 00:46:18.147
431;62;825269;2;0;0,00344086;0,1686131;2023-07-14 00:46:58.700
432;62;825270;2;1;0,00344086;0,1686131;2023-07-14 00:46:58.703
433;62;825271;2;2;0,00344086;0,1686131;2023-07-14 00:46:58.703
434;62;825272;2;3;0,00344086;0,1686131;2023-07-14 00:46:58.703
435;62;825273;2;4;0,00344086;0,1686131;2023-07-14 00:46:58.707
436;62;825275;2;5;0,00344086;0,1686131;2023-07-14 00:46:58.707
437;62;NULL;1;0;NULL;NULL;2023-07-14 00:48:13.070
438;63;747676;3;0;0,001488095;0,1129336;2023-07-14 00:48:19.850
439;63;747667;3;1;0,001488095;0,1129336;2023-07-14 00:48:19.860
440;63;747670;3;2;0,001488095;0,1129336;2023-07-14 00:48:19.873
441;63;747671;3;3;0,001488095;0,1129336;2023-07-14 00:48:19.880
442;63;747672;3;4;0,001488095;0,1129336;2023-07-14 00:48:19.897
443;63;747678;3;5;0,001488095;0,1129336;2023-07-14 00:48:19.903
444;63;747009;2;0;0,0008865249;0,1314521;2023-07-14 00:49:05.813
445;63;745295;2;1;0,0009874918;0,09441511;2023-07-14 00:49:05.817
446;63;747676;2;2;8,75436E-07;0,1129336;2023-07-14 00:49:05.817
447;63;747074;2;3;0,0008865249;0,1314521;2023-07-14 00:49:05.820
448;63;745279;2;4;0,0009874918;0,09441511;2023-07-14 00:49:05.820
449;63;745290;2;5;0,0009874918;0,09441511;2023-07-14 00:49:05.820
450;63;747676;1;0;0,001488095;0,1129336;2023-07-14 00:50:22.440
451;63;747667;1;1;0,001488095;0,1129336;2023-07-14 00:50:22.443
452;63;747670;1;2;0,001488095;0,1129336;2023-07-14 00:50:22.443
453;63;747671;1;3;0,001488095;0,1129336;2023-07-14 00:50:22.447
454;63;747672;1;4;0,001488095;0,1129336;2023-07-14 00:50:22.447
455;63;747678;1;5;0,001488095;0,1129336;2023-07-14 00:50:22.447
456;64;745295;3;0;2,378122E-05;0,1357995;2023-07-14 00:50:29.717
457;64;745279;3;1;2,378122E-05;0,1357995;2023-07-14 00:50:29.720
458;64;745290;3;2;2,378122E-05;0,1357995;2023-07-14 00:50:29.720
459;64;745302;3;3;2,378122E-05;0,1357995;2023-07-14 00:50:29.720
460;64;745305;3;4;2,378122E-05;0,1357995;2023-07-14 00:50:29.720
461;64;745233;3;5;2,378122E-05;0,1357995;2023-07-14 00:50:29.723
462;64;745295;2;0;2,111189E-05;0,1357995;2023-07-14 00:51:10.470
463;64;745279;2;1;2,111189E-05;0,1357995;2023-07-14 00:51:10.470
464;64;745290;2;2;2,111189E-05;0,1357995;2023-07-14 00:51:10.470
465;64;745302;2;3;2,111189E-05;0,1357995;2023-07-14 00:51:10.473
466;64;745305;2;4;2,111189E-05;0,1357995;2023-07-14 00:51:10.473
467;64;745216;2;5;0,006122449;0,09441511;2023-07-14 00:51:10.473
468;64;745295;1;0;2,378122E-05;0,1357995;2023-07-14 00:52:25.373
469;64;745279;1;1;2,378122E-05;0,1357995;2023-07-14 00:52:25.373
470;64;745290;1;2;2,378122E-05;0,1357995;2023-07-14 00:52:25.373
471;64;745302;1;3;2,378122E-05;0,1357995;2023-07-14 00:52:25.377
472;64;745305;1;4;2,378122E-05;0,1357995;2023-07-14 00:52:25.377
473;64;745233;1;5;2,378122E-05;0,1357995;2023-07-14 00:52:25.377
474;65;993511;3;0;1,331414E-07;0,108005;2023-07-14 00:52:32.460
475;65;993512;3;1;1,331414E-07;0,108005;2023-07-14 00:52:32.460
476;65;993513;3;2;1,331414E-07;0,108005;2023-07-14 00:52:32.463
477;65;993521;3;3;1,331414E-07;0,108005;2023-07-14 00:52:32.463
478;65;993539;3;4;1,331414E-07;0,108005;2023-07-14 00:52:32.467
479;65;993541;3;5;1,331414E-07;0,108005;2023-07-14 00:52:32.467
480;65;993511;2;0;1,884389E-08;0,108005;2023-07-14 00:53:13.287
481;65;993512;2;1;1,884389E-08;0,108005;2023-07-14 00:53:13.287
482;65;993513;2;2;1,884389E-08;0,108005;2023-07-14 00:53:13.287
483;65;993521;2;3;1,884389E-08;0,108005;2023-07-14 00:53:13.290
484;65;993539;2;4;1,884389E-08;0,108005;2023-07-14 00:53:13.290
485;65;993541;2;5;1,884389E-08;0,108005;2023-07-14 00:53:13.290
486;65;993511;1;0;1,331414E-07;0,108005;2023-07-14 00:54:42.840
487;65;993512;1;1;1,331414E-07;0,108005;2023-07-14 00:54:42.843
488;65;993513;1;2;1,331414E-07;0,108005;2023-07-14 00:54:42.843
489;65;993521;1;3;1,331414E-07;0,108005;2023-07-14 00:54:42.847
490;65;993539;1;4;1,331414E-07;0,108005;2023-07-14 00:54:42.850
491;65;993541;1;5;1,331414E-07;0,108005;2023-07-14 00:54:42.850
492;66;829773;3;0;0,01846154;0,2153382;2023-07-14 00:55:07.457
493;66;829774;3;1;0,01846154;0,2153382;2023-07-14 00:55:07.457
494;66;829775;3;2;0,01846154;0,2153382;2023-07-14 00:55:07.460
495;66;829776;3;3;0,01846154;0,2153382;2023-07-14 00:55:07.460
496;66;829777;3;4;0,01846154;0,2153382;2023-07-14 00:55:07.460
497;66;829778;3;5;0,01846154;0,2153382;2023-07-14 00:55:07.463
498;66;NULL;2;0;NULL;NULL;2023-07-14 00:55:53.963
499;66;NULL;1;0;NULL;NULL;2023-07-14 00:57:08.940
500;67;745221;3;0;2,378122E-05;0,1357995;2023-07-14 00:57:16.173
501;67;745222;3;1;2,378122E-05;0,1357995;2023-07-14 00:57:16.173
502;67;745220;3;2;2,378122E-05;0,1357995;2023-07-14 00:57:16.177
503;67;745223;3;3;2,378122E-05;0,1357995;2023-07-14 00:57:16.177
504;67;745233;3;4;2,378122E-05;0,1357995;2023-07-14 00:57:16.177
505;67;745242;3;5;2,378122E-05;0,1357995;2023-07-14 00:57:16.180
506;67;745221;2;0;2,111189E-05;0,1357995;2023-07-14 00:57:56.643
507;67;745222;2;1;2,111189E-05;0,1357995;2023-07-14 00:57:56.647
508;67;745219;2;2;0,006122449;0,09441511;2023-07-14 00:57:56.647
509;67;745220;2;3;2,111189E-05;0,1357995;2023-07-14 00:57:56.650
510;67;745223;2;4;2,111189E-05;0,1357995;2023-07-14 00:57:56.650
511;67;745233;2;5;2,111189E-05;0,1357995;2023-07-14 00:57:56.650
512;67;745221;1;0;2,378122E-05;0,1357995;2023-07-14 00:59:12.153
513;67;745222;1;1;2,378122E-05;0,1357995;2023-07-14 00:59:12.157
514;67;745220;1;2;2,378122E-05;0,1357995;2023-07-14 00:59:12.157
515;67;745223;1;3;2,378122E-05;0,1357995;2023-07-14 00:59:12.157
516;67;745233;1;4;2,378122E-05;0,1357995;2023-07-14 00:59:12.160
517;67;745242;1;5;2,378122E-05;0,1357995;2023-07-14 00:59:12.160
518;68;829773;3;0;0,01846154;0,2153382;2023-07-14 00:59:36.830
519;68;829774;3;1;0,01846154;0,2153382;2023-07-14 00:59:36.850
520;68;829775;3;2;0,01846154;0,2153382;2023-07-14 00:59:36.877
521;68;829776;3;3;0,01846154;0,2153382;2023-07-14 00:59:36.890
522;68;829777;3;4;0,01846154;0,2153382;2023-07-14 00:59:36.907
523;68;829778;3;5;0,01846154;0,2153382;2023-07-14 00:59:36.923
524;68;NULL;2;0;NULL;NULL;2023-07-14 01:00:22.397
525;68;NULL;1;0;NULL;NULL;2023-07-14 01:01:37.250
526;69;416046;3;0;9,756479E-05;0,1294009;2023-07-14 01:02:25.103
527;69;416047;3;1;9,756479E-05;0,1294009;2023-07-14 01:02:25.103
528;69;416048;3;2;9,756479E-05;0,1294009;2023-07-14 01:02:25.103
529;69;416049;3;3;9,756479E-05;0,1294009;2023-07-14 01:02:25.107
530;69;416050;3;4;9,756479E-05;0,1294009;2023-07-14 01:02:25.107
531;69;416051;3;5;9,756479E-05;0,1294009;2023-07-14 01:02:25.107
532;69;994024;2;0;0,01736111;0,1294009;2023-07-14 01:03:11.620
533;69;994025;2;1;0,01736111;0,1294009;2023-07-14 01:03:11.620
534;69;994026;2;2;0,01736111;0,1294009;2023-07-14 01:03:11.623
535;69;994027;2;3;0,01736111;0,1294009;2023-07-14 01:03:11.623
536;69;994028;2;4;0,01736111;0,1294009;2023-07-14 01:03:11.627
537;69;994029;2;5;0,01736111;0,1294009;2023-07-14 01:03:11.627
538;69;NULL;1;0;NULL;NULL;2023-07-14 01:04:10.843
539;70;829379;3;0;0,05797102;0,6309296;2023-07-14 01:04:35.937
540;70;829380;3;1;0,05797102;0,6309296;2023-07-14 01:04:35.957
541;70;829381;3;2;0,05797102;0,6309296;2023-07-14 01:04:35.973
542;70;NULL;3;3;NULL;NULL;2023-07-14 01:04:35.993
543;70;829783;2;0;0,03726708;0,2153382;2023-07-14 01:05:22.347
544;70;829784;2;1;0,03726708;0,2153382;2023-07-14 01:05:22.347
545;70;829785;2;2;0,03726708;0,2153382;2023-07-14 01:05:22.350
546;70;829786;2;3;0,03726708;0,2153382;2023-07-14 01:05:22.350
547;70;825191;2;4;0,04347826;0,4999999;2023-07-14 01:05:22.353
548;70;825192;2;5;0,04347826;0,4999999;2023-07-14 01:05:22.353
549;70;NULL;1;0;NULL;NULL;2023-07-14 01:07:08.330
550;71;747676;3;0;0,001488095;0,1129336;2023-07-14 01:07:15.083
551;71;747667;3;1;0,001488095;0,1129336;2023-07-14 01:07:15.083
552;71;747678;3;2;0,001488095;0,1129336;2023-07-14 01:07:15.083
553;71;747670;3;3;0,001488095;0,1129336;2023-07-14 01:07:15.087
554;71;747671;3;4;0,001488095;0,1129336;2023-07-14 01:07:15.087
555;71;747672;3;5;0,001488095;0,1129336;2023-07-14 01:07:15.087
556;71;747676;2;0;8,75436E-07;0,1129336;2023-07-14 01:08:01.250
557;71;747740;2;1;8,75436E-07;0,1129336;2023-07-14 01:08:01.253
558;71;747882;2;2;8,75436E-07;0,1129336;2023-07-14 01:08:01.253
559;71;747939;2;3;8,75436E-07;0,1129336;2023-07-14 01:08:01.253
560;71;745279;2;4;0,0009874918;0,09441511;2023-07-14 01:08:01.257
561;71;747667;2;5;8,75436E-07;0,1129336;2023-07-14 01:08:01.257
562;71;747676;1;0;0,001488095;0,1129336;2023-07-14 01:09:21.110
563;71;747667;1;1;0,001488095;0,1129336;2023-07-14 01:09:21.110
564;71;747678;1;2;0,001488095;0,1129336;2023-07-14 01:09:21.113
565;71;747670;1;3;0,001488095;0,1129336;2023-07-14 01:09:21.113
566;71;747671;1;4;0,001488095;0,1129336;2023-07-14 01:09:21.113
567;71;747672;1;5;0,001488095;0,1129336;2023-07-14 01:09:21.113
568;72;747668;3;0;0,001488095;0,1129336;2023-07-14 01:09:28.150
569;72;747669;3;1;0,001488095;0,1129336;2023-07-14 01:09:28.150
570;72;747671;3;2;0,001488095;0,1129336;2023-07-14 01:09:28.153
571;72;747676;3;3;0,001488095;0,1129336;2023-07-14 01:09:28.153
572;72;747667;3;4;0,001488095;0,1129336;2023-07-14 01:09:28.153
573;72;747670;3;5;0,001488095;0,1129336;2023-07-14 01:09:28.157
574;72;747269;2;0;0,0008865249;0,1314521;2023-07-14 01:10:13.240
575;72;747924;2;1;8,75436E-07;0,1129336;2023-07-14 01:10:13.240
576;72;747012;2;2;0,0008865249;0,1314521;2023-07-14 01:10:13.243
577;72;747740;2;3;8,75436E-07;0,1129336;2023-07-14 01:10:13.243
578;72;747882;2;4;8,75436E-07;0,1129336;2023-07-14 01:10:13.257
579;72;747939;2;5;8,75436E-07;0,1129336;2023-07-14 01:10:13.257
580;72;747668;1;0;0,001488095;0,1129336;2023-07-14 01:11:31.837
581;72;747669;1;1;0,001488095;0,1129336;2023-07-14 01:11:31.840
582;72;747671;1;2;0,001488095;0,1129336;2023-07-14 01:11:31.840
583;72;747676;1;3;0,001488095;0,1129336;2023-07-14 01:11:31.840
584;72;747667;1;4;0,001488095;0,1129336;2023-07-14 01:11:31.843
585;72;747670;1;5;0,001488095;0,1129336;2023-07-14 01:11:31.843
586;73;745302;3;0;2,378122E-05;0,1357995;2023-07-14 01:11:39.653
587;73;745279;3;1;2,378122E-05;0,1357995;2023-07-14 01:11:39.653
588;73;745290;3;2;2,378122E-05;0,1357995;2023-07-14 01:11:39.653
589;73;745295;3;3;2,378122E-05;0,1357995;2023-07-14 01:11:39.657
590;73;745305;3;4;2,378122E-05;0,1357995;2023-07-14 01:11:39.657
591;73;745233;3;5;2,378122E-05;0,1357995;2023-07-14 01:11:39.657
592;73;745302;2;0;2,111189E-05;0,1357995;2023-07-14 01:12:20.863
593;73;745279;2;1;2,111189E-05;0,1357995;2023-07-14 01:12:20.867
594;73;745290;2;2;2,111189E-05;0,1357995;2023-07-14 01:12:20.867
595;73;745295;2;3;2,111189E-05;0,1357995;2023-07-14 01:12:20.867
596;73;745305;2;4;2,111189E-05;0,1357995;2023-07-14 01:12:20.870
597;73;745216;2;5;0,006122449;0,09441511;2023-07-14 01:12:20.870
598;73;745302;1;0;2,378122E-05;0,1357995;2023-07-14 01:13:38.830
599;73;745279;1;1;2,378122E-05;0,1357995;2023-07-14 01:13:38.833
600;73;745290;1;2;2,378122E-05;0,1357995;2023-07-14 01:13:38.833
601;73;745295;1;3;2,378122E-05;0,1357995;2023-07-14 01:13:38.833
602;73;745305;1;4;2,378122E-05;0,1357995;2023-07-14 01:13:38.837
603;73;745233;1;5;2,378122E-05;0,1357995;2023-07-14 01:13:38.837
604;74;747002;3;0;0,04166667;0,1314521;2023-07-14 01:13:46.010
605;74;747005;3;1;0,04166667;0,1314521;2023-07-14 01:13:46.010
606;74;747006;3;2;0,04166667;0,1314521;2023-07-14 01:13:46.013
607;74;747012;3;3;0,04166667;0,1314521;2023-07-14 01:13:46.013
608;74;747009;3;4;0,04166667;0,1314521;2023-07-14 01:13:46.013
609;74;746999;3;5;0,04166667;0,1314521;2023-07-14 01:13:46.017
610;74;747269;2;0;0,001197605;0,1314521;2023-07-14 01:14:29.317
611;74;748153;2;1;0,001197605;0,1314521;2023-07-14 01:14:29.317
612;74;748154;2;2;0,001197605;0,1314521;2023-07-14 01:14:29.320
613;74;747040;2;3;0,001197605;0,1314521;2023-07-14 01:14:29.320
614;74;747314;2;4;0,001197605;0,1314521;2023-07-14 01:14:29.320
615;74;748167;2;5;0,001197605;0,1314521;2023-07-14 01:14:29.323
616;74;747002;1;0;0,04166667;0,1314521;2023-07-14 01:15:30.023
617;74;747005;1;1;0,04166667;0,1314521;2023-07-14 01:15:30.027
618;74;747006;1;2;0,04166667;0,1314521;2023-07-14 01:15:30.027
619;74;747012;1;3;0,04166667;0,1314521;2023-07-14 01:15:30.027
620;74;747009;1;4;0,04166667;0,1314521;2023-07-14 01:15:30.030
621;74;746999;1;5;0,04166667;0,1314521;2023-07-14 01:15:30.030
622;75;747676;3;0;0,001488095;0,1129336;2023-07-14 01:15:37.033
623;75;747667;3;1;0,001488095;0,1129336;2023-07-14 01:15:37.037
624;75;747670;3;2;0,001488095;0,1129336;2023-07-14 01:15:37.047
625;75;747671;3;3;0,001488095;0,1129336;2023-07-14 01:15:37.050
626;75;747672;3;4;0,001488095;0,1129336;2023-07-14 01:15:37.053
627;75;747678;3;5;0,001488095;0,1129336;2023-07-14 01:15:37.057
628;75;747009;2;0;0,0008865249;0,1314521;2023-07-14 01:16:22.610
629;75;745295;2;1;0,0009874918;0,09441511;2023-07-14 01:16:22.613
630;75;747676;2;2;8,75436E-07;0,1129336;2023-07-14 01:16:22.613
631;75;747074;2;3;0,0008865249;0,1314521;2023-07-14 01:16:22.617
632;75;745279;2;4;0,0009874918;0,09441511;2023-07-14 01:16:22.617
633;75;745290;2;5;0,0009874918;0,09441511;2023-07-14 01:16:22.617
634;75;747676;1;0;0,001488095;0,1129336;2023-07-14 01:17:39.720
635;75;747667;1;1;0,001488095;0,1129336;2023-07-14 01:17:39.720
636;75;747670;1;2;0,001488095;0,1129336;2023-07-14 01:17:39.720
637;75;747671;1;3;0,001488095;0,1129336;2023-07-14 01:17:39.723
638;75;747672;1;4;0,001488095;0,1129336;2023-07-14 01:17:39.723
639;75;747678;1;5;0,001488095;0,1129336;2023-07-14 01:17:39.723
640;76;747667;3;0;0,001488095;0,1129336;2023-07-14 01:17:46.280
641;76;747668;3;1;0,001488095;0,1129336;2023-07-14 01:17:46.280
642;76;747669;3;2;0,001488095;0,1129336;2023-07-14 01:17:46.280
643;76;747670;3;3;0,001488095;0,1129336;2023-07-14 01:17:46.280
644;76;747671;3;4;0,001488095;0,1129336;2023-07-14 01:17:46.283
645;76;747672;3;5;0,001488095;0,1129336;2023-07-14 01:17:46.283
646;76;747009;2;0;0,0008865249;0,1314521;2023-07-14 01:18:32.247
647;76;747740;2;1;8,75436E-07;0,1129336;2023-07-14 01:18:32.247
648;76;747882;2;2;8,75436E-07;0,1129336;2023-07-14 01:18:32.247
649;76;747939;2;3;8,75436E-07;0,1129336;2023-07-14 01:18:32.250
650;76;747285;2;4;0,0008865249;0,1314521;2023-07-14 01:18:32.250
651;76;747924;2;5;8,75436E-07;0,1129336;2023-07-14 01:18:32.250
652;76;747667;1;0;0,001488095;0,1129336;2023-07-14 01:19:50.290
653;76;747668;1;1;0,001488095;0,1129336;2023-07-14 01:19:50.293
654;76;747669;1;2;0,001488095;0,1129336;2023-07-14 01:19:50.293
655;76;747670;1;3;0,001488095;0,1129336;2023-07-14 01:19:50.293
656;76;747671;1;4;0,001488095;0,1129336;2023-07-14 01:19:50.297
657;76;747672;1;5;0,001488095;0,1129336;2023-07-14 01:19:50.297
658;77;993521;3;0;1,331414E-07;0,108005;2023-07-14 01:19:57.400
659;77;993539;3;1;1,331414E-07;0,108005;2023-07-14 01:19:57.403
660;77;993513;3;2;1,331414E-07;0,108005;2023-07-14 01:19:57.403
661;77;993541;3;3;1,331414E-07;0,108005;2023-07-14 01:19:57.403
662;77;993559;3;4;1,331414E-07;0,108005;2023-07-14 01:19:57.407
663;77;993560;3;5;1,331414E-07;0,108005;2023-07-14 01:19:57.407
664;77;993521;2;0;1,884389E-08;0,108005;2023-07-14 01:20:39.487
665;77;993539;2;1;1,884389E-08;0,108005;2023-07-14 01:20:39.493
666;77;819444;2;2;1,884389E-08;0,108005;2023-07-14 01:20:39.493
667;77;994085;2;3;1,884389E-08;0,108005;2023-07-14 01:20:39.493
668;77;994099;2;4;1,884389E-08;0,108005;2023-07-14 01:20:39.497
669;77;993508;2;5;6,790082E-06;0,1147999;2023-07-14 01:20:39.497
670;77;993521;1;0;1,331414E-07;0,108005;2023-07-14 01:22:08.497
671;77;993539;1;1;1,331414E-07;0,108005;2023-07-14 01:22:08.497
672;77;993513;1;2;1,331414E-07;0,108005;2023-07-14 01:22:08.500
673;77;993541;1;3;1,331414E-07;0,108005;2023-07-14 01:22:08.500
674;77;993559;1;4;1,331414E-07;0,108005;2023-07-14 01:22:08.500
675;77;993560;1;5;1,331414E-07;0,108005;2023-07-14 01:22:08.500
676;78;745222;3;0;2,378122E-05;0,1357995;2023-07-14 01:22:15.817
677;78;745223;3;1;2,378122E-05;0,1357995;2023-07-14 01:22:15.820
678;78;745233;3;2;2,378122E-05;0,1357995;2023-07-14 01:22:15.823
679;78;745242;3;3;2,378122E-05;0,1357995;2023-07-14 01:22:15.823
680;78;745257;3;4;2,378122E-05;0,1357995;2023-07-14 01:22:15.827
681;78;745279;3;5;2,378122E-05;0,1357995;2023-07-14 01:22:15.827
682;78;745222;2;0;2,111189E-05;0,1357995;2023-07-14 01:22:56.963
683;78;745223;2;1;2,111189E-05;0,1357995;2023-07-14 01:22:56.963
684;78;745233;2;2;2,111189E-05;0,1357995;2023-07-14 01:22:56.963
685;78;745242;2;3;2,111189E-05;0,1357995;2023-07-14 01:22:56.967
686;78;745257;2;4;2,111189E-05;0,1357995;2023-07-14 01:22:56.987
687;78;745279;2;5;2,111189E-05;0,1357995;2023-07-14 01:22:56.993
688;78;745222;1;0;2,378122E-05;0,1357995;2023-07-14 01:24:11.800
689;78;745223;1;1;2,378122E-05;0,1357995;2023-07-14 01:24:11.803
690;78;745233;1;2;2,378122E-05;0,1357995;2023-07-14 01:24:11.803
691;78;745242;1;3;2,378122E-05;0,1357995;2023-07-14 01:24:11.803
692;78;745257;1;4;2,378122E-05;0,1357995;2023-07-14 01:24:11.807
693;78;745279;1;5;2,378122E-05;0,1357995;2023-07-14 01:24:11.807
694;79;747676;3;0;0,001488095;0,1129336;2023-07-14 01:24:18.610
695;79;747667;3;1;0,001488095;0,1129336;2023-07-14 01:24:18.613
696;79;747678;3;2;0,001488095;0,1129336;2023-07-14 01:24:18.623
697;79;747670;3;3;0,001488095;0,1129336;2023-07-14 01:24:18.623
698;79;747671;3;4;0,001488095;0,1129336;2023-07-14 01:24:18.623
699;79;747672;3;5;0,001488095;0,1129336;2023-07-14 01:24:18.633
700;79;747676;2;0;8,75436E-07;0,1129336;2023-07-14 01:25:03.437
701;79;747740;2;1;8,75436E-07;0,1129336;2023-07-14 01:25:03.437
702;79;747882;2;2;8,75436E-07;0,1129336;2023-07-14 01:25:03.440
703;79;747924;2;3;8,75436E-07;0,1129336;2023-07-14 01:25:03.440
704;79;747939;2;4;8,75436E-07;0,1129336;2023-07-14 01:25:03.440
705;79;745279;2;5;0,0009874918;0,09441511;2023-07-14 01:25:03.443
706;79;747676;1;0;0,001488095;0,1129336;2023-07-14 01:26:19.053
707;79;747667;1;1;0,001488095;0,1129336;2023-07-14 01:26:19.053
708;79;747678;1;2;0,001488095;0,1129336;2023-07-14 01:26:19.057
709;79;747670;1;3;0,001488095;0,1129336;2023-07-14 01:26:19.057
710;79;747671;1;4;0,001488095;0,1129336;2023-07-14 01:26:19.057
711;79;747672;1;5;0,001488095;0,1129336;2023-07-14 01:26:19.063
712;80;747676;3;0;0,001488095;0,1129336;2023-07-14 01:26:25.693
713;80;747667;3;1;0,001488095;0,1129336;2023-07-14 01:26:25.693
714;80;747678;3;2;0,001488095;0,1129336;2023-07-14 01:26:25.697
715;80;747670;3;3;0,001488095;0,1129336;2023-07-14 01:26:25.697
716;80;747671;3;4;0,001488095;0,1129336;2023-07-14 01:26:25.700
717;80;747672;3;5;0,001488095;0,1129336;2023-07-14 01:26:25.700
718;80;747676;2;0;8,75436E-07;0,1129336;2023-07-14 01:27:10.060
719;80;747740;2;1;8,75436E-07;0,1129336;2023-07-14 01:27:10.063
720;80;747882;2;2;8,75436E-07;0,1129336;2023-07-14 01:27:10.067
721;80;747939;2;3;8,75436E-07;0,1129336;2023-07-14 01:27:10.067
722;80;745279;2;4;0,0009874918;0,09441511;2023-07-14 01:27:10.067
723;80;747667;2;5;8,75436E-07;0,1129336;2023-07-14 01:27:10.067
724;80;747676;1;0;0,001488095;0,1129336;2023-07-14 01:28:27.983
725;80;747667;1;1;0,001488095;0,1129336;2023-07-14 01:28:27.983
726;80;747678;1;2;0,001488095;0,1129336;2023-07-14 01:28:27.983
727;80;747670;1;3;0,001488095;0,1129336;2023-07-14 01:28:27.987
728;80;747671;1;4;0,001488095;0,1129336;2023-07-14 01:28:27.987
729;80;747672;1;5;0,001488095;0,1129336;2023-07-14 01:28:27.987
730;81;745290;3;0;2,378122E-05;0,1357995;2023-07-14 01:28:35.820
731;81;745279;3;1;2,378122E-05;0,1357995;2023-07-14 01:28:35.820
732;81;745295;3;2;2,378122E-05;0,1357995;2023-07-14 01:28:35.823
733;81;745302;3;3;2,378122E-05;0,1357995;2023-07-14 01:28:35.823
734;81;745305;3;4;2,378122E-05;0,1357995;2023-07-14 01:28:35.823
735;81;745233;3;5;2,378122E-05;0,1357995;2023-07-14 01:28:35.823
736;81;745290;2;0;2,111189E-05;0,1357995;2023-07-14 01:29:18.220
737;81;745279;2;1;2,111189E-05;0,1357995;2023-07-14 01:29:18.220
738;81;745295;2;2;2,111189E-05;0,1357995;2023-07-14 01:29:18.223
739;81;745302;2;3;2,111189E-05;0,1357995;2023-07-14 01:29:18.223
740;81;745305;2;4;2,111189E-05;0,1357995;2023-07-14 01:29:18.223
741;81;745216;2;5;0,006122449;0,09441511;2023-07-14 01:29:18.227
742;81;745290;1;0;2,378122E-05;0,1357995;2023-07-14 01:30:33.810
743;81;745279;1;1;2,378122E-05;0,1357995;2023-07-14 01:30:33.813
744;81;745295;1;2;2,378122E-05;0,1357995;2023-07-14 01:30:33.813
745;81;745302;1;3;2,378122E-05;0,1357995;2023-07-14 01:30:33.817
746;81;745305;1;4;2,378122E-05;0,1357995;2023-07-14 01:30:33.820
747;81;745233;1;5;2,378122E-05;0,1357995;2023-07-14 01:30:33.820
748;82;747668;3;0;0,001488095;0,1129336;2023-07-14 01:30:40.683
749;82;747669;3;1;0,001488095;0,1129336;2023-07-14 01:30:40.683
750;82;747671;3;2;0,001488095;0,1129336;2023-07-14 01:30:40.687
751;82;747676;3;3;0,001488095;0,1129336;2023-07-14 01:30:40.687
752;82;747667;3;4;0,001488095;0,1129336;2023-07-14 01:30:40.687
753;82;747670;3;5;0,001488095;0,1129336;2023-07-14 01:30:40.690
754;82;747269;2;0;0,0008865249;0,1314521;2023-07-14 01:31:25.483
755;82;747924;2;1;8,75436E-07;0,1129336;2023-07-14 01:31:25.483
756;82;747012;2;2;0,0008865249;0,1314521;2023-07-14 01:31:25.483
757;82;747740;2;3;8,75436E-07;0,1129336;2023-07-14 01:31:25.487
758;82;747882;2;4;8,75436E-07;0,1129336;2023-07-14 01:31:25.487
759;82;747939;2;5;8,75436E-07;0,1129336;2023-07-14 01:31:25.487
760;82;747668;1;0;0,001488095;0,1129336;2023-07-14 01:32:42.983
761;82;747669;1;1;0,001488095;0,1129336;2023-07-14 01:32:42.987
762;82;747671;1;2;0,001488095;0,1129336;2023-07-14 01:32:42.987
763;82;747676;1;3;0,001488095;0,1129336;2023-07-14 01:32:42.987
764;82;747667;1;4;0,001488095;0,1129336;2023-07-14 01:32:42.990
765;82;747670;1;5;0,001488095;0,1129336;2023-07-14 01:32:42.990
766;83;745139;3;0;0,0006407793;0,1523625;2023-07-14 01:32:59.427
767;83;745146;3;1;0,0006407793;0,1523625;2023-07-14 01:32:59.427
768;83;745150;3;2;0,0006407793;0,1523625;2023-07-14 01:32:59.430
769;83;745153;3;3;0,0006407793;0,1523625;2023-07-14 01:32:59.430
770;83;745155;3;4;0,0006407793;0,1523625;2023-07-14 01:32:59.430
771;83;NULL;3;5;NULL;NULL;2023-07-14 01:32:59.433
772;83;745139;2;0;0,0001098479;0,1523625;2023-07-14 01:33:44.763
773;83;745146;2;1;0,0001098479;0,1523625;2023-07-14 01:33:44.763
774;83;745150;2;2;0,0001098479;0,1523625;2023-07-14 01:33:44.763
775;83;745153;2;3;0,0001098479;0,1523625;2023-07-14 01:33:44.767
776;83;745155;2;4;0,0001098479;0,1523625;2023-07-14 01:33:44.767
777;83;745130;2;5;0,0001098479;0,1523625;2023-07-14 01:33:44.767
778;83;NULL;1;0;NULL;NULL;2023-07-14 01:35:01.187
779;84;747676;3;0;0,001488095;0,1129336;2023-07-14 01:35:08.577
780;84;747667;3;1;0,001488095;0,1129336;2023-07-14 01:35:08.580
781;84;747678;3;2;0,001488095;0,1129336;2023-07-14 01:35:08.580
782;84;747670;3;3;0,001488095;0,1129336;2023-07-14 01:35:08.583
783;84;747671;3;4;0,001488095;0,1129336;2023-07-14 01:35:08.583
784;84;747672;3;5;0,001488095;0,1129336;2023-07-14 01:35:08.583
785;84;747676;2;0;8,75436E-07;0,1129336;2023-07-14 01:35:53.510
786;84;747740;2;1;8,75436E-07;0,1129336;2023-07-14 01:35:53.513
787;84;747882;2;2;8,75436E-07;0,1129336;2023-07-14 01:35:53.513
788;84;747939;2;3;8,75436E-07;0,1129336;2023-07-14 01:35:53.517
789;84;747009;2;4;0,0008865249;0,1314521;2023-07-14 01:35:53.517
790;84;745279;2;5;0,0009874918;0,09441511;2023-07-14 01:35:53.517
791;84;747676;1;0;0,001488095;0,1129336;2023-07-14 01:37:13.413
792;84;747667;1;1;0,001488095;0,1129336;2023-07-14 01:37:13.413
793;84;747678;1;2;0,001488095;0,1129336;2023-07-14 01:37:13.413
794;84;747670;1;3;0,001488095;0,1129336;2023-07-14 01:37:13.417
795;84;747671;1;4;0,001488095;0,1129336;2023-07-14 01:37:13.417
796;84;747672;1;5;0,001488095;0,1129336;2023-07-14 01:37:13.420
797;85;829787;3;0;0,01333333;0,1919757;2023-07-14 01:37:20.687
798;85;825648;3;1;0,01333333;0,1919757;2023-07-14 01:37:20.693
799;85;825649;3;2;0,01333333;0,1919757;2023-07-14 01:37:20.707
800;85;825650;3;3;0,01333333;0,1919757;2023-07-14 01:37:20.713
801;85;NULL;3;4;NULL;NULL;2023-07-14 01:37:20.723
802;85;825269;2;0;0,00344086;0,1686131;2023-07-14 01:38:00.190
803;85;825270;2;1;0,00344086;0,1686131;2023-07-14 01:38:00.190
804;85;825271;2;2;0,00344086;0,1686131;2023-07-14 01:38:00.190
805;85;825272;2;3;0,00344086;0,1686131;2023-07-14 01:38:00.193
806;85;825273;2;4;0,00344086;0,1686131;2023-07-14 01:38:00.193
807;85;825275;2;5;0,00344086;0,1686131;2023-07-14 01:38:00.193
808;85;NULL;1;0;NULL;NULL;2023-07-14 01:39:14.270
809;86;829379;3;0;0,1212121;0,6309296;2023-07-14 01:39:38.623
810;86;829380;3;1;0,1212121;0,6309296;2023-07-14 01:39:38.637
811;86;829381;3;2;0,1212121;0,6309296;2023-07-14 01:39:38.653
812;86;NULL;3;3;NULL;NULL;2023-07-14 01:39:38.670
813;86;830049;2;0;1;0;2023-07-14 01:40:24.403
814;86;259957;2;1;1;0;2023-07-14 01:40:24.403
815;86;NULL;2;2;NULL;NULL;2023-07-14 01:40:24.403
816;86;NULL;1;0;NULL;NULL;2023-07-14 01:41:39.980
817;87;747670;3;0;0,001488095;0,1129336;2023-07-14 01:41:46.810
818;87;747671;3;1;0,001488095;0,1129336;2023-07-14 01:41:46.813
819;87;747672;3;2;0,001488095;0,1129336;2023-07-14 01:41:46.813
820;87;747667;3;3;0,001488095;0,1129336;2023-07-14 01:41:46.817
821;87;747669;3;4;0,001488095;0,1129336;2023-07-14 01:41:46.817
822;87;747676;3;5;0,001488095;0,1129336;2023-07-14 01:41:46.817
823;87;747670;2;0;8,75436E-07;0,1129336;2023-07-14 01:42:31.940
824;87;747924;2;1;8,75436E-07;0,1129336;2023-07-14 01:42:31.940
825;87;747671;2;2;8,75436E-07;0,1129336;2023-07-14 01:42:31.943
826;87;747672;2;3;8,75436E-07;0,1129336;2023-07-14 01:42:31.943
827;87;747961;2;4;8,75436E-07;0,1129336;2023-07-14 01:42:31.947
828;87;747007;2;5;0,0008865249;0,1314521;2023-07-14 01:42:31.947
829;87;747670;1;0;0,001488095;0,1129336;2023-07-14 01:43:47.600
830;87;747671;1;1;0,001488095;0,1129336;2023-07-14 01:43:47.600
831;87;747672;1;2;0,001488095;0,1129336;2023-07-14 01:43:47.603
832;87;747667;1;3;0,001488095;0,1129336;2023-07-14 01:43:47.603
833;87;747669;1;4;0,001488095;0,1129336;2023-07-14 01:43:47.603
834;87;747676;1;5;0,001488095;0,1129336;2023-07-14 01:43:47.607
835;88;829381;3;0;0,08888889;0,6309296;2023-07-14 01:44:12.423
836;88;NULL;3;1;NULL;NULL;2023-07-14 01:44:12.440
837;88;826699;2;0;1;0;2023-07-14 01:44:58.787
838;88;NULL;2;1;NULL;NULL;2023-07-14 01:44:58.803
839;88;NULL;1;0;NULL;NULL;2023-07-14 01:46:27.123
840;89;745290;3;0;2,378122E-05;0,1357995;2023-07-14 01:46:34.457
841;89;745279;3;1;2,378122E-05;0,1357995;2023-07-14 01:46:34.460
842;89;745295;3;2;2,378122E-05;0,1357995;2023-07-14 01:46:34.460
843;89;745302;3;3;2,378122E-05;0,1357995;2023-07-14 01:46:34.460
844;89;745305;3;4;2,378122E-05;0,1357995;2023-07-14 01:46:34.463
845;89;745233;3;5;2,378122E-05;0,1357995;2023-07-14 01:46:34.463
846;89;745290;2;0;2,111189E-05;0,1357995;2023-07-14 01:47:15.777
847;89;745279;2;1;2,111189E-05;0,1357995;2023-07-14 01:47:15.777
848;89;745295;2;2;2,111189E-05;0,1357995;2023-07-14 01:47:15.783
849;89;745302;2;3;2,111189E-05;0,1357995;2023-07-14 01:47:15.783
850;89;745305;2;4;2,111189E-05;0,1357995;2023-07-14 01:47:15.783
851;89;745216;2;5;0,006122449;0,09441511;2023-07-14 01:47:15.787
852;89;745290;1;0;2,378122E-05;0,1357995;2023-07-14 01:48:31.547
853;89;745279;1;1;2,378122E-05;0,1357995;2023-07-14 01:48:31.550
854;89;745295;1;2;2,378122E-05;0,1357995;2023-07-14 01:48:31.550
855;89;745302;1;3;2,378122E-05;0,1357995;2023-07-14 01:48:31.550
856;89;745305;1;4;2,378122E-05;0,1357995;2023-07-14 01:48:31.553
857;89;745233;1;5;2,378122E-05;0,1357995;2023-07-14 01:48:31.553
858;90;829773;3;0;0,01846154;0,2153382;2023-07-14 01:48:56.123
859;90;829774;3;1;0,01846154;0,2153382;2023-07-14 01:48:56.140
860;90;829775;3;2;0,01846154;0,2153382;2023-07-14 01:48:56.163
861;90;829776;3;3;0,01846154;0,2153382;2023-07-14 01:48:56.180
862;90;829777;3;4;0,01846154;0,2153382;2023-07-14 01:48:56.197
863;90;829778;3;5;0,01846154;0,2153382;2023-07-14 01:48:56.213
864;90;NULL;2;0;NULL;NULL;2023-07-14 01:49:41.750
865;90;NULL;1;0;NULL;NULL;2023-07-14 01:50:54.263
866;91;745222;3;0;2,378122E-05;0,1357995;2023-07-14 01:51:02.040
867;91;745223;3;1;2,378122E-05;0,1357995;2023-07-14 01:51:02.040
868;91;745233;3;2;2,378122E-05;0,1357995;2023-07-14 01:51:02.040
869;91;745242;3;3;2,378122E-05;0,1357995;2023-07-14 01:51:02.043
870;91;745257;3;4;2,378122E-05;0,1357995;2023-07-14 01:51:02.043
871;91;745279;3;5;2,378122E-05;0,1357995;2023-07-14 01:51:02.043
872;91;745222;2;0;2,111189E-05;0,1357995;2023-07-14 01:51:42.210
873;91;745223;2;1;2,111189E-05;0,1357995;2023-07-14 01:51:42.213
874;91;745233;2;2;2,111189E-05;0,1357995;2023-07-14 01:51:42.213
875;91;745242;2;3;2,111189E-05;0,1357995;2023-07-14 01:51:42.217
876;91;745257;2;4;2,111189E-05;0,1357995;2023-07-14 01:51:42.217
877;91;745279;2;5;2,111189E-05;0,1357995;2023-07-14 01:51:42.217
878;91;745222;1;0;2,378122E-05;0,1357995;2023-07-14 01:52:57.443
879;91;745223;1;1;2,378122E-05;0,1357995;2023-07-14 01:52:57.447
880;91;745233;1;2;2,378122E-05;0,1357995;2023-07-14 01:52:57.447
881;91;745242;1;3;2,378122E-05;0,1357995;2023-07-14 01:52:57.447
882;91;745257;1;4;2,378122E-05;0,1357995;2023-07-14 01:52:57.450
883;91;745279;1;5;2,378122E-05;0,1357995;2023-07-14 01:52:57.450
884;92;416046;3;0;9,756479E-05;0,1294009;2023-07-14 01:53:44.497
885;92;416047;3;1;9,756479E-05;0,1294009;2023-07-14 01:53:44.500
886;92;416048;3;2;9,756479E-05;0,1294009;2023-07-14 01:53:44.500
887;92;416049;3;3;9,756479E-05;0,1294009;2023-07-14 01:53:44.500
888;92;416050;3;4;9,756479E-05;0,1294009;2023-07-14 01:53:44.503
889;92;416051;3;5;9,756479E-05;0,1294009;2023-07-14 01:53:44.503
890;92;434678;2;0;0,009920635;0,1294009;2023-07-14 01:54:31.060
891;92;434679;2;1;0,009920635;0,1294009;2023-07-14 01:54:31.060
892;92;434680;2;2;0,009920635;0,1294009;2023-07-14 01:54:31.060
893;92;434681;2;3;0,009920635;0,1294009;2023-07-14 01:54:31.063
894;92;434682;2;4;0,009920635;0,1294009;2023-07-14 01:54:31.063
895;92;434683;2;5;0,009920635;0,1294009;2023-07-14 01:54:31.070
896;92;NULL;1;0;NULL;NULL;2023-07-14 01:55:30.207
897;93;829381;3;0;0,05797102;0,6309296;2023-07-14 01:55:53.937
898;93;NULL;3;1;NULL;NULL;2023-07-14 01:55:53.953
899;93;829783;2;0;0,03726708;0,2153382;2023-07-14 01:56:39.533
900;93;829784;2;1;0,03726708;0,2153382;2023-07-14 01:56:39.537
901;93;829785;2;2;0,03726708;0,2153382;2023-07-14 01:56:39.537
902;93;829786;2;3;0,03726708;0,2153382;2023-07-14 01:56:39.540
903;93;825191;2;4;0,04347826;0,4999999;2023-07-14 01:56:39.540
904;93;825192;2;5;0,04347826;0,4999999;2023-07-14 01:56:39.540
905;93;NULL;1;0;NULL;NULL;2023-07-14 01:58:21.803
906;94;745290;3;0;2,378122E-05;0,1357995;2023-07-14 01:58:29.287
907;94;745279;3;1;2,378122E-05;0,1357995;2023-07-14 01:58:29.287
908;94;745295;3;2;2,378122E-05;0,1357995;2023-07-14 01:58:29.287
909;94;745302;3;3;2,378122E-05;0,1357995;2023-07-14 01:58:29.287
910;94;745305;3;4;2,378122E-05;0,1357995;2023-07-14 01:58:29.290
911;94;745233;3;5;2,378122E-05;0,1357995;2023-07-14 01:58:29.290
912;94;745290;2;0;2,111189E-05;0,1357995;2023-07-14 01:59:09.940
913;94;745279;2;1;2,111189E-05;0,1357995;2023-07-14 01:59:09.943
914;94;745295;2;2;2,111189E-05;0,1357995;2023-07-14 01:59:09.943
915;94;745302;2;3;2,111189E-05;0,1357995;2023-07-14 01:59:09.947
916;94;745305;2;4;2,111189E-05;0,1357995;2023-07-14 01:59:09.950
917;94;745216;2;5;0,006122449;0,09441511;2023-07-14 01:59:09.950
918;94;745290;1;0;2,378122E-05;0,1357995;2023-07-14 02:00:25.417
919;94;745279;1;1;2,378122E-05;0,1357995;2023-07-14 02:00:25.420
920;94;745295;1;2;2,378122E-05;0,1357995;2023-07-14 02:00:25.420
921;94;745302;1;3;2,378122E-05;0,1357995;2023-07-14 02:00:25.420
922;94;745305;1;4;2,378122E-05;0,1357995;2023-07-14 02:00:25.423
923;94;745233;1;5;2,378122E-05;0,1357995;2023-07-14 02:00:25.423
924;95;1065713;3;0;0,000363378;0,1486541;2023-07-14 02:00:43.827
925;95;1065714;3;1;0,000363378;0,1486541;2023-07-14 02:00:43.843
926;95;1065715;3;2;0,000363378;0,1486541;2023-07-14 02:00:43.860
927;95;1065716;3;3;0,000363378;0,1486541;2023-07-14 02:00:43.873
928;95;824324;3;4;0,0004451381;0,1889206;2023-07-14 02:00:43.890
929;95;824325;3;5;0,0004451381;0,1889206;2023-07-14 02:00:43.907
930;95;824328;2;0;5,80615E-05;0,1889206;2023-07-14 02:01:30.390
931;95;824329;2;1;5,80615E-05;0,1889206;2023-07-14 02:01:30.393
932;95;824330;2;2;5,80615E-05;0,1889206;2023-07-14 02:01:30.393
933;95;824331;2;3;5,80615E-05;0,1889206;2023-07-14 02:01:30.393
934;95;824332;2;4;5,80615E-05;0,1889206;2023-07-14 02:01:30.397
935;95;824333;2;5;5,80615E-05;0,1889206;2023-07-14 02:01:30.397
936;95;NULL;1;0;NULL;NULL;2023-07-14 02:03:16.973
937;96;745257;3;0;2,378122E-05;0,1357995;2023-07-14 02:03:24.613
938;96;745233;3;1;2,378122E-05;0,1357995;2023-07-14 02:03:24.613
939;96;745242;3;2;2,378122E-05;0,1357995;2023-07-14 02:03:24.613
940;96;745279;3;3;2,378122E-05;0,1357995;2023-07-14 02:03:24.617
941;96;745290;3;4;2,378122E-05;0,1357995;2023-07-14 02:03:24.617
942;96;745295;3;5;2,378122E-05;0,1357995;2023-07-14 02:03:24.617
943;96;745257;2;0;2,111189E-05;0,1357995;2023-07-14 02:04:05.430
944;96;745103;2;1;0,006122449;0,09441511;2023-07-14 02:04:05.430
945;96;745233;2;2;2,111189E-05;0,1357995;2023-07-14 02:04:05.430
946;96;745242;2;3;2,111189E-05;0,1357995;2023-07-14 02:04:05.433
947;96;745186;2;4;0,006122449;0,09441511;2023-07-14 02:04:05.433
948;96;745279;2;5;2,111189E-05;0,1357995;2023-07-14 02:04:05.437
949;96;745257;1;0;2,378122E-05;0,1357995;2023-07-14 02:05:20.750
950;96;745233;1;1;2,378122E-05;0,1357995;2023-07-14 02:05:20.750
951;96;745242;1;2;2,378122E-05;0,1357995;2023-07-14 02:05:20.750
952;96;745279;1;3;2,378122E-05;0,1357995;2023-07-14 02:05:20.753
953;96;745290;1;4;2,378122E-05;0,1357995;2023-07-14 02:05:20.753
954;96;745295;1;5;2,378122E-05;0,1357995;2023-07-14 02:05:20.753
955;97;895474;3;0;0,002721089;0,1919757;2023-07-14 02:05:39.073
956;97;825419;3;1;0,00377929;0,1906795;2023-07-14 02:05:39.080
957;97;825420;3;2;0,00377929;0,1906795;2023-07-14 02:05:39.087
958;97;825421;3;3;0,00377929;0,1906795;2023-07-14 02:05:39.097
959;97;NULL;3;4;NULL;NULL;2023-07-14 02:05:39.103
960;97;829787;2;0;0,000693271;0,1919757;2023-07-14 02:06:25.340
961;97;825266;2;1;0,002426448;0,1686131;2023-07-14 02:06:25.340
962;97;825267;2;2;0,002426448;0,1686131;2023-07-14 02:06:25.340
963;97;825268;2;3;0,002426448;0,1686131;2023-07-14 02:06:25.340
964;97;825269;2;4;0,002426448;0,1686131;2023-07-14 02:06:25.343
965;97;825270;2;5;0,002426448;0,1686131;2023-07-14 02:06:25.343
966;97;NULL;1;0;NULL;NULL;2023-07-14 02:07:55.603
967;98;829782;3;0;0,01263158;0,2153382;2023-07-14 02:08:19.897
968;98;829783;3;1;0,01263158;0,2153382;2023-07-14 02:08:19.900
969;98;829784;3;2;0,01263158;0,2153382;2023-07-14 02:08:19.900
970;98;829785;3;3;0,01263158;0,2153382;2023-07-14 02:08:19.903
971;98;829786;3;4;0,01263158;0,2153382;2023-07-14 02:08:19.903
972;98;829779;3;5;0,01263158;0,2153382;2023-07-14 02:08:19.903
973;98;826718;2;0;1;0;2023-07-14 02:09:05.477
974;98;826719;2;1;1;0;2023-07-14 02:09:05.490
975;98;826720;2;2;1;0;2023-07-14 02:09:05.497
976;98;826721;2;3;1;0;2023-07-14 02:09:05.503
977;98;826722;2;4;1;0;2023-07-14 02:09:05.513
978;98;824096;2;5;1;0;2023-07-14 02:09:05.527
979;98;NULL;1;0;NULL;NULL;2023-07-14 02:10:20.623
980;99;829782;3;0;0,01714286;0,2153382;2023-07-14 02:10:45.067
981;99;829783;3;1;0,01714286;0,2153382;2023-07-14 02:10:45.077
982;99;829784;3;2;0,01714286;0,2153382;2023-07-14 02:10:45.087
983;99;829785;3;3;0,01714286;0,2153382;2023-07-14 02:10:45.090
984;99;829786;3;4;0,01714286;0,2153382;2023-07-14 02:10:45.100
985;99;825648;3;5;0,01714286;0,2153382;2023-07-14 02:10:45.107
986;99;831131;2;0;0,1666667;0,3562071;2023-07-14 02:11:29.807
987;99;831132;2;1;0,1666667;0,3562071;2023-07-14 02:11:29.813
988;99;830008;2;2;1;0;2023-07-14 02:11:29.820
989;99;830009;2;3;1;0;2023-07-14 02:11:29.820
990;99;830010;2;4;1;0;2023-07-14 02:11:29.823
991;99;830011;2;5;1;0;2023-07-14 02:11:29.823
992;99;NULL;1;0;NULL;NULL;2023-07-14 02:12:44.507
993;100;747672;3;0;0,001488095;0,1129336;2023-07-14 02:12:51.357
994;100;747670;3;1;0,001488095;0,1129336;2023-07-14 02:12:51.357
995;100;747671;3;2;0,001488095;0,1129336;2023-07-14 02:12:51.357
996;100;747667;3;3;0,001488095;0,1129336;2023-07-14 02:12:51.360
997;100;747676;3;4;0,001488095;0,1129336;2023-07-14 02:12:51.360
998;100;747678;3;5;0,001488095;0,1129336;2023-07-14 02:12:51.363
999;100;747672;2;0;8,75436E-07;0,1129336;2023-07-14 02:13:37.117
1000;100;747740;2;1;8,75436E-07;0,1129336;2023-07-14 02:13:37.117
1001;100;747882;2;2;8,75436E-07;0,1129336;2023-07-14 02:13:37.117
1002;100;747939;2;3;8,75436E-07;0,1129336;2023-07-14 02:13:37.120
1003;100;747009;2;4;0,0008865249;0,1314521;2023-07-14 02:13:37.120
1004;100;747269;2;5;0,0008865249;0,1314521;2023-07-14 02:13:37.120
1005;100;747672;1;0;0,001488095;0,1129336;2023-07-14 02:14:52.787
1006;100;747670;1;1;0,001488095;0,1129336;2023-07-14 02:14:52.787
1007;100;747671;1;2;0,001488095;0,1129336;2023-07-14 02:14:52.787
1008;100;747667;1;3;0,001488095;0,1129336;2023-07-14 02:14:52.790
1009;100;747676;1;4;0,001488095;0,1129336;2023-07-14 02:14:52.790
1010;100;747678;1;5;0,001488095;0,1129336;2023-07-14 02:14:52.790
1011;101;747676;3;0;0,001488095;0,1129336;2023-07-14 02:14:59.927
1012;101;747667;3;1;0,001488095;0,1129336;2023-07-14 02:14:59.927
1013;101;747678;3;2;0,001488095;0,1129336;2023-07-14 02:14:59.930
1014;101;747670;3;3;0,001488095;0,1129336;2023-07-14 02:14:59.930
1015;101;747671;3;4;0,001488095;0,1129336;2023-07-14 02:14:59.930
1016;101;747672;3;5;0,001488095;0,1129336;2023-07-14 02:14:59.930
1017;101;747676;2;0;8,75436E-07;0,1129336;2023-07-14 02:15:43.897
1018;101;747740;2;1;8,75436E-07;0,1129336;2023-07-14 02:15:43.900
1019;101;747882;2;2;8,75436E-07;0,1129336;2023-07-14 02:15:43.900
1020;101;747939;2;3;8,75436E-07;0,1129336;2023-07-14 02:15:43.900
1021;101;745279;2;4;0,0009874918;0,09441511;2023-07-14 02:15:43.900
1022;101;747667;2;5;8,75436E-07;0,1129336;2023-07-14 02:15:43.903
1023;101;747676;1;0;0,001488095;0,1129336;2023-07-14 02:17:02.657
1024;101;747667;1;1;0,001488095;0,1129336;2023-07-14 02:17:02.660
1025;101;747678;1;2;0,001488095;0,1129336;2023-07-14 02:17:02.660
1026;101;747670;1;3;0,001488095;0,1129336;2023-07-14 02:17:02.660
1027;101;747671;1;4;0,001488095;0,1129336;2023-07-14 02:17:02.663
1028;101;747672;1;5;0,001488095;0,1129336;2023-07-14 02:17:02.663
1029;102;747668;3;0;0,001488095;0,1129336;2023-07-14 02:17:09.873
1030;102;747669;3;1;0,001488095;0,1129336;2023-07-14 02:17:09.873
1031;102;747671;3;2;0,001488095;0,1129336;2023-07-14 02:17:09.877
1032;102;747676;3;3;0,001488095;0,1129336;2023-07-14 02:17:09.880
1033;102;747667;3;4;0,001488095;0,1129336;2023-07-14 02:17:09.880
1034;102;747670;3;5;0,001488095;0,1129336;2023-07-14 02:17:09.880
1035;102;747009;2;0;0,0008865249;0,1314521;2023-07-14 02:17:55.040
1036;102;747269;2;1;0,0008865249;0,1314521;2023-07-14 02:17:55.040
1037;102;747924;2;2;8,75436E-07;0,1129336;2023-07-14 02:17:55.043
1038;102;747740;2;3;8,75436E-07;0,1129336;2023-07-14 02:17:55.043
1039;102;747882;2;4;8,75436E-07;0,1129336;2023-07-14 02:17:55.043
1040;102;747939;2;5;8,75436E-07;0,1129336;2023-07-14 02:17:55.043
1041;102;747668;1;0;0,001488095;0,1129336;2023-07-14 02:19:14.210
1042;102;747669;1;1;0,001488095;0,1129336;2023-07-14 02:19:14.210
1043;102;747671;1;2;0,001488095;0,1129336;2023-07-14 02:19:14.213
1044;102;747676;1;3;0,001488095;0,1129336;2023-07-14 02:19:14.213
1045;102;747667;1;4;0,001488095;0,1129336;2023-07-14 02:19:14.213
1046;102;747670;1;5;0,001488095;0,1129336;2023-07-14 02:19:14.217
1047;103;726832;3;0;0,1111111;0,1207174;2023-07-14 02:19:33.130
1048;103;NULL;3;1;NULL;NULL;2023-07-14 02:19:33.133
1049;103;824075;2;0;0,08333334;0,130701;2023-07-14 02:20:19.377
1050;103;NULL;2;1;NULL;NULL;2023-07-14 02:20:19.393
1051;103;NULL;1;0;NULL;NULL;2023-07-14 02:21:49.740
1052;104;747676;3;0;0,001488095;0,1129336;2023-07-14 02:21:56.707
1053;104;747667;3;1;0,001488095;0,1129336;2023-07-14 02:21:56.710
1054;104;747670;3;2;0,001488095;0,1129336;2023-07-14 02:21:56.710
1055;104;747671;3;3;0,001488095;0,1129336;2023-07-14 02:21:56.710
1056;104;747672;3;4;0,001488095;0,1129336;2023-07-14 02:21:56.713
1057;104;747678;3;5;0,001488095;0,1129336;2023-07-14 02:21:56.713
1058;104;745295;2;0;0,0009874918;0,09441511;2023-07-14 02:22:42.297
1059;104;747676;2;1;8,75436E-07;0,1129336;2023-07-14 02:22:42.297
1060;104;747074;2;2;0,0008865249;0,1314521;2023-07-14 02:22:42.300
1061;104;745279;2;3;0,0009874918;0,09441511;2023-07-14 02:22:42.300
1062;104;745290;2;4;0,0009874918;0,09441511;2023-07-14 02:22:42.300
1063;104;745302;2;5;0,0009874918;0,09441511;2023-07-14 02:22:42.303
1064;104;747676;1;0;0,001488095;0,1129336;2023-07-14 02:23:57.370
1065;104;747667;1;1;0,001488095;0,1129336;2023-07-14 02:23:57.373
1066;104;747670;1;2;0,001488095;0,1129336;2023-07-14 02:23:57.373
1067;104;747671;1;3;0,001488095;0,1129336;2023-07-14 02:23:57.373
1068;104;747672;1;4;0,001488095;0,1129336;2023-07-14 02:23:57.373
1069;104;747678;1;5;0,001488095;0,1129336;2023-07-14 02:23:57.377
1070;105;747672;3;0;0,001488095;0,1129336;2023-07-14 02:24:04.270
1071;105;747670;3;1;0,001488095;0,1129336;2023-07-14 02:24:04.273
1072;105;747671;3;2;0,001488095;0,1129336;2023-07-14 02:24:04.273
1073;105;747667;3;3;0,001488095;0,1129336;2023-07-14 02:24:04.273
1074;105;747676;3;4;0,001488095;0,1129336;2023-07-14 02:24:04.277
1075;105;747678;3;5;0,001488095;0,1129336;2023-07-14 02:24:04.277
1076;105;747672;2;0;8,75436E-07;0,1129336;2023-07-14 02:24:49.057
1077;105;747740;2;1;8,75436E-07;0,1129336;2023-07-14 02:24:49.057
1078;105;747882;2;2;8,75436E-07;0,1129336;2023-07-14 02:24:49.057
1079;105;747939;2;3;8,75436E-07;0,1129336;2023-07-14 02:24:49.057
1080;105;747009;2;4;0,0008865249;0,1314521;2023-07-14 02:24:49.060
1081;105;747269;2;5;0,0008865249;0,1314521;2023-07-14 02:24:49.060
1082;105;747672;1;0;0,001488095;0,1129336;2023-07-14 02:26:03.503
1083;105;747670;1;1;0,001488095;0,1129336;2023-07-14 02:26:03.507
1084;105;747671;1;2;0,001488095;0,1129336;2023-07-14 02:26:03.507
1085;105;747667;1;3;0,001488095;0,1129336;2023-07-14 02:26:03.507
1086;105;747676;1;4;0,001488095;0,1129336;2023-07-14 02:26:03.510
1087;105;747678;1;5;0,001488095;0,1129336;2023-07-14 02:26:03.510
1088;106;829379;3;0;0,08888889;0,6309296;2023-07-14 02:26:27.457
1089;106;829380;3;1;0,08888889;0,6309296;2023-07-14 02:26:27.473
1090;106;829381;3;2;0,08888889;0,6309296;2023-07-14 02:26:27.490
1091;106;NULL;3;3;NULL;NULL;2023-07-14 02:26:27.503
1092;106;826699;2;0;1;0;2023-07-14 02:27:13.167
1093;106;NULL;2;1;NULL;NULL;2023-07-14 02:27:13.173
1094;106;NULL;1;0;NULL;NULL;2023-07-14 02:28:42.183
1095;107;829380;3;0;0,05797102;0,6309296;2023-07-14 02:29:05.987
1096;107;829381;3;1;0,05797102;0,6309296;2023-07-14 02:29:06.003
1097;107;NULL;3;2;NULL;NULL;2023-07-14 02:29:06.020
1098;107;829783;2;0;0,03726708;0,2153382;2023-07-14 02:29:52.707
1099;107;829784;2;1;0,03726708;0,2153382;2023-07-14 02:29:52.723
1100;107;829785;2;2;0,03726708;0,2153382;2023-07-14 02:29:52.733
1101;107;829786;2;3;0,03726708;0,2153382;2023-07-14 02:29:52.743
1102;107;825191;2;4;0,04347826;0,4999999;2023-07-14 02:29:52.747
1103;107;825192;2;5;0,04347826;0,4999999;2023-07-14 02:29:52.757
1104;107;NULL;1;0;NULL;NULL;2023-07-14 02:31:35.103
1105;108;829773;3;0;0,01846154;0,2153382;2023-07-14 02:32:00.760
1106;108;829774;3;1;0,01846154;0,2153382;2023-07-14 02:32:00.770
1107;108;829775;3;2;0,01846154;0,2153382;2023-07-14 02:32:00.790
1108;108;829776;3;3;0,01846154;0,2153382;2023-07-14 02:32:00.807
1109;108;829777;3;4;0,01846154;0,2153382;2023-07-14 02:32:00.820
1110;108;829778;3;5;0,01846154;0,2153382;2023-07-14 02:32:00.833
1111;108;NULL;2;0;NULL;NULL;2023-07-14 02:32:45.983
1112;108;NULL;1;0;NULL;NULL;2023-07-14 02:33:59.957
1113;109;829379;3;0;0,07843138;0,6309296;2023-07-14 02:34:23.913
1114;109;829380;3;1;0,07843138;0,6309296;2023-07-14 02:34:23.930
1115;109;829381;3;2;0,07843138;0,6309296;2023-07-14 02:34:23.953
1116;109;NULL;3;3;NULL;NULL;2023-07-14 02:34:23.970
1117;109;NULL;2;0;NULL;NULL;2023-07-14 02:35:10.100
1118;109;NULL;1;0;NULL;NULL;2023-07-14 02:36:38.180
1119;110;747002;3;0;0,04166667;0,1314521;2023-07-14 02:36:44.930
1120;110;747005;3;1;0,04166667;0,1314521;2023-07-14 02:36:44.960
1121;110;747006;3;2;0,04166667;0,1314521;2023-07-14 02:36:44.960
1122;110;747009;3;3;0,04166667;0,1314521;2023-07-14 02:36:44.963
1123;110;747012;3;4;0,04166667;0,1314521;2023-07-14 02:36:44.963
1124;110;746999;3;5;0,04166667;0,1314521;2023-07-14 02:36:44.963
1125;110;747269;2;0;0,001197605;0,1314521;2023-07-14 02:37:28.940
1126;110;748153;2;1;0,001197605;0,1314521;2023-07-14 02:37:28.940
1127;110;748154;2;2;0,001197605;0,1314521;2023-07-14 02:37:28.940
1128;110;747314;2;3;0,001197605;0,1314521;2023-07-14 02:37:28.943
1129;110;748167;2;4;0,001197605;0,1314521;2023-07-14 02:37:28.943
1130;110;748319;2;5;0,001197605;0,1314521;2023-07-14 02:37:28.947
1131;110;747002;1;0;0,04166667;0,1314521;2023-07-14 02:38:29.103
1132;110;747005;1;1;0,04166667;0,1314521;2023-07-14 02:38:29.107
1133;110;747006;1;2;0,04166667;0,1314521;2023-07-14 02:38:29.107
1134;110;747009;1;3;0,04166667;0,1314521;2023-07-14 02:38:29.107
1135;110;747012;1;4;0,04166667;0,1314521;2023-07-14 02:38:29.110
1136;110;746999;1;5;0,04166667;0,1314521;2023-07-14 02:38:29.110
1137;111;829787;3;0;0,01333333;0,1919757;2023-07-14 02:38:36.483
1138;111;825648;3;1;0,01333333;0,1919757;2023-07-14 02:38:36.487
1139;111;825649;3;2;0,01333333;0,1919757;2023-07-14 02:38:36.487
1140;111;825650;3;3;0,01333333;0,1919757;2023-07-14 02:38:36.487
1141;111;NULL;3;4;NULL;NULL;2023-07-14 02:38:36.490
1142;111;825269;2;0;0,00344086;0,1686131;2023-07-14 02:39:16.417
1143;111;825270;2;1;0,00344086;0,1686131;2023-07-14 02:39:16.417
1144;111;825271;2;2;0,00344086;0,1686131;2023-07-14 02:39:16.417
1145;111;825272;2;3;0,00344086;0,1686131;2023-07-14 02:39:16.420
1146;111;825273;2;4;0,00344086;0,1686131;2023-07-14 02:39:16.420
1147;111;825275;2;5;0,00344086;0,1686131;2023-07-14 02:39:16.420
1148;111;NULL;1;0;NULL;NULL;2023-07-14 02:40:30.360
1149;112;825648;3;0;0,01333333;0,1919757;2023-07-14 02:40:38.290
1150;112;825650;3;1;0,01333333;0,1919757;2023-07-14 02:40:38.290
1151;112;NULL;3;2;NULL;NULL;2023-07-14 02:40:38.290
1152;112;825268;2;0;0,00344086;0,1686131;2023-07-14 02:41:19.633
1153;112;825269;2;1;0,00344086;0,1686131;2023-07-14 02:41:19.637
1154;112;825270;2;2;0,00344086;0,1686131;2023-07-14 02:41:19.637
1155;112;825271;2;3;0,00344086;0,1686131;2023-07-14 02:41:19.637
1156;112;825272;2;4;0,00344086;0,1686131;2023-07-14 02:41:19.640
1157;112;825273;2;5;0,00344086;0,1686131;2023-07-14 02:41:19.640
1158;112;NULL;1;0;NULL;NULL;2023-07-14 02:42:33.900
1159;113;829380;3;0;0,08888889;0,6309296;2023-07-14 02:42:57.470
1160;113;829381;3;1;0,08888889;0,6309296;2023-07-14 02:42:57.483
1161;113;NULL;3;2;NULL;NULL;2023-07-14 02:42:57.497
1162;113;259957;2;0;1;0;2023-07-14 02:43:43.877
1163;113;826699;2;1;1;0;2023-07-14 02:43:43.877
1164;113;NULL;2;2;NULL;NULL;2023-07-14 02:43:43.880
1165;113;NULL;1;0;NULL;NULL;2023-07-14 02:45:13.973
1166;114;747002;3;0;0,04166667;0,1314521;2023-07-14 02:45:20.967
1167;114;747005;3;1;0,04166667;0,1314521;2023-07-14 02:45:20.967
1168;114;747006;3;2;0,04166667;0,1314521;2023-07-14 02:45:20.970
1169;114;747009;3;3;0,04166667;0,1314521;2023-07-14 02:45:20.970
1170;114;747012;3;4;0,04166667;0,1314521;2023-07-14 02:45:20.970
1171;114;746999;3;5;0,04166667;0,1314521;2023-07-14 02:45:20.973
1172;114;747269;2;0;0,001197605;0,1314521;2023-07-14 02:46:04.107
1173;114;748153;2;1;0,001197605;0,1314521;2023-07-14 02:46:04.107
1174;114;748154;2;2;0,001197605;0,1314521;2023-07-14 02:46:04.110
1175;114;748319;2;3;0,001197605;0,1314521;2023-07-14 02:46:04.110
1176;114;747002;2;4;0,001197605;0,1314521;2023-07-14 02:46:04.110
1177;114;747005;2;5;0,001197605;0,1314521;2023-07-14 02:46:04.113
1178;114;747002;1;0;0,04166667;0,1314521;2023-07-14 02:47:03.287
1179;114;747005;1;1;0,04166667;0,1314521;2023-07-14 02:47:03.287
1180;114;747006;1;2;0,04166667;0,1314521;2023-07-14 02:47:03.290
1181;114;747009;1;3;0,04166667;0,1314521;2023-07-14 02:47:03.290
1182;114;747012;1;4;0,04166667;0,1314521;2023-07-14 02:47:03.290
1183;114;746999;1;5;0,04166667;0,1314521;2023-07-14 02:47:03.290
1184;115;745290;3;0;2,378122E-05;0,1357995;2023-07-14 02:47:10.967
1185;115;745279;3;1;2,378122E-05;0,1357995;2023-07-14 02:47:10.967
1186;115;745295;3;2;2,378122E-05;0,1357995;2023-07-14 02:47:10.970
1187;115;745302;3;3;2,378122E-05;0,1357995;2023-07-14 02:47:10.970
1188;115;745305;3;4;2,378122E-05;0,1357995;2023-07-14 02:47:10.970
1189;115;745233;3;5;2,378122E-05;0,1357995;2023-07-14 02:47:10.973
1190;115;745290;2;0;2,111189E-05;0,1357995;2023-07-14 02:47:51.797
1191;115;745279;2;1;2,111189E-05;0,1357995;2023-07-14 02:47:51.800
1192;115;745295;2;2;2,111189E-05;0,1357995;2023-07-14 02:47:51.800
1193;115;745302;2;3;2,111189E-05;0,1357995;2023-07-14 02:47:51.800
1194;115;745305;2;4;2,111189E-05;0,1357995;2023-07-14 02:47:51.803
1195;115;745216;2;5;0,006122449;0,09441511;2023-07-14 02:47:51.803
1196;115;745290;1;0;2,378122E-05;0,1357995;2023-07-14 02:49:06.440
1197;115;745279;1;1;2,378122E-05;0,1357995;2023-07-14 02:49:06.443
1198;115;745295;1;2;2,378122E-05;0,1357995;2023-07-14 02:49:06.443
1199;115;745302;1;3;2,378122E-05;0,1357995;2023-07-14 02:49:06.443
1200;115;745305;1;4;2,378122E-05;0,1357995;2023-07-14 02:49:06.447
1201;115;745233;1;5;2,378122E-05;0,1357995;2023-07-14 02:49:06.447
1202;116;829787;3;0;0,01333333;0,1919757;2023-07-14 02:49:13.657
1203;116;825648;3;1;0,01333333;0,1919757;2023-07-14 02:49:13.663
1204;116;825649;3;2;0,01333333;0,1919757;2023-07-14 02:49:13.663
1205;116;825650;3;3;0,01333333;0,1919757;2023-07-14 02:49:13.670
1206;116;NULL;3;4;NULL;NULL;2023-07-14 02:49:13.673
1207;116;825267;2;0;0,00344086;0,1686131;2023-07-14 02:49:53.317
1208;116;825268;2;1;0,00344086;0,1686131;2023-07-14 02:49:53.317
1209;116;825269;2;2;0,00344086;0,1686131;2023-07-14 02:49:53.317
1210;116;825270;2;3;0,00344086;0,1686131;2023-07-14 02:49:53.320
1211;116;825271;2;4;0,00344086;0,1686131;2023-07-14 02:49:53.320
1212;116;825272;2;5;0,00344086;0,1686131;2023-07-14 02:49:53.320
1213;116;NULL;1;0;NULL;NULL;2023-07-14 02:51:07.837
1214;117;747672;3;0;0,001488095;0,1129336;2023-07-14 02:51:14.563
1215;117;747670;3;1;0,001488095;0,1129336;2023-07-14 02:51:14.563
1216;117;747671;3;2;0,001488095;0,1129336;2023-07-14 02:51:14.563
1217;117;747667;3;3;0,001488095;0,1129336;2023-07-14 02:51:14.567
1218;117;747676;3;4;0,001488095;0,1129336;2023-07-14 02:51:14.567
1219;117;747678;3;5;0,001488095;0,1129336;2023-07-14 02:51:14.567
1220;117;747672;2;0;8,75436E-07;0,1129336;2023-07-14 02:51:59.697
1221;117;747924;2;1;8,75436E-07;0,1129336;2023-07-14 02:51:59.697
1222;117;747009;2;2;0,0008865249;0,1314521;2023-07-14 02:51:59.697
1223;117;747485;2;3;0,0008865249;0,1314521;2023-07-14 02:51:59.700
1224;117;745257;2;4;0,0009874918;0,09441511;2023-07-14 02:51:59.700
1225;117;747670;2;5;8,75436E-07;0,1129336;2023-07-14 02:51:59.700
1226;117;747672;1;0;0,001488095;0,1129336;2023-07-14 02:53:15.720
1227;117;747670;1;1;0,001488095;0,1129336;2023-07-14 02:53:15.720
1228;117;747671;1;2;0,001488095;0,1129336;2023-07-14 02:53:15.720
1229;117;747667;1;3;0,001488095;0,1129336;2023-07-14 02:53:15.723
1230;117;747676;1;4;0,001488095;0,1129336;2023-07-14 02:53:15.723
1231;117;747678;1;5;0,001488095;0,1129336;2023-07-14 02:53:15.723
1232;118;747676;3;0;0,001488095;0,1129336;2023-07-14 02:53:22.460
1233;118;747667;3;1;0,001488095;0,1129336;2023-07-14 02:53:22.460
1234;118;747668;3;2;0,001488095;0,1129336;2023-07-14 02:53:22.460
1235;118;747670;3;3;0,001488095;0,1129336;2023-07-14 02:53:22.463
1236;118;747671;3;4;0,001488095;0,1129336;2023-07-14 02:53:22.463
1237;118;747672;3;5;0,001488095;0,1129336;2023-07-14 02:53:22.463
1238;118;747009;2;0;0,0008865249;0,1314521;2023-07-14 02:54:08.187
1239;118;747483;2;1;0,0008865249;0,1314521;2023-07-14 02:54:08.190
1240;118;747074;2;2;0,0008865249;0,1314521;2023-07-14 02:54:08.190
1241;118;745305;2;3;0,0009874918;0,09441511;2023-07-14 02:54:08.190
1242;118;747676;2;4;8,75436E-07;0,1129336;2023-07-14 02:54:08.190
1243;118;745279;2;5;0,0009874918;0,09441511;2023-07-14 02:54:08.193
1244;118;747676;1;0;0,001488095;0,1129336;2023-07-14 02:55:27.947
1245;118;747667;1;1;0,001488095;0,1129336;2023-07-14 02:55:27.947
1246;118;747668;1;2;0,001488095;0,1129336;2023-07-14 02:55:27.950
1247;118;747670;1;3;0,001488095;0,1129336;2023-07-14 02:55:27.953
1248;118;747671;1;4;0,001488095;0,1129336;2023-07-14 02:55:27.957
1249;118;747672;1;5;0,001488095;0,1129336;2023-07-14 02:55:27.957
1250;119;829787;3;0;0,01333333;0,1919757;2023-07-14 02:55:35.510
1251;119;825648;3;1;0,01333333;0,1919757;2023-07-14 02:55:35.513
1252;119;825649;3;2;0,01333333;0,1919757;2023-07-14 02:55:35.513
1253;119;825650;3;3;0,01333333;0,1919757;2023-07-14 02:55:35.513
1254;119;NULL;3;4;NULL;NULL;2023-07-14 02:55:35.517
1255;119;825351;2;0;0,00344086;0,1686131;2023-07-14 02:56:18.577
1256;119;829787;2;1;0,001376344;0,1919757;2023-07-14 02:56:18.580
1257;119;825267;2;2;0,00344086;0,1686131;2023-07-14 02:56:18.580
1258;119;825268;2;3;0,00344086;0,1686131;2023-07-14 02:56:18.580
1259;119;825269;2;4;0,00344086;0,1686131;2023-07-14 02:56:18.583
1260;119;825270;2;5;0,00344086;0,1686131;2023-07-14 02:56:18.583
1261;119;NULL;1;0;NULL;NULL;2023-07-14 02:57:33.567
1262;120;747672;3;0;0,001488095;0,1129336;2023-07-14 02:57:40.500
1263;120;747670;3;1;0,001488095;0,1129336;2023-07-14 02:57:40.503
1264;120;747671;3;2;0,001488095;0,1129336;2023-07-14 02:57:40.503
1265;120;747667;3;3;0,001488095;0,1129336;2023-07-14 02:57:40.503
1266;120;747676;3;4;0,001488095;0,1129336;2023-07-14 02:57:40.507
1267;120;747678;3;5;0,001488095;0,1129336;2023-07-14 02:57:40.507
1268;120;747672;2;0;8,75436E-07;0,1129336;2023-07-14 02:58:26.640
1269;120;747740;2;1;8,75436E-07;0,1129336;2023-07-14 02:58:26.640
1270;120;747882;2;2;8,75436E-07;0,1129336;2023-07-14 02:58:26.643
1271;120;747939;2;3;8,75436E-07;0,1129336;2023-07-14 02:58:26.643
1272;120;747009;2;4;0,0008865249;0,1314521;2023-07-14 02:58:26.643
1273;120;747485;2;5;0,0008865249;0,1314521;2023-07-14 02:58:26.643
1274;120;747672;1;0;0,001488095;0,1129336;2023-07-14 02:59:45.293
1275;120;747670;1;1;0,001488095;0,1129336;2023-07-14 02:59:45.293
1276;120;747671;1;2;0,001488095;0,1129336;2023-07-14 02:59:45.297
1277;120;747667;1;3;0,001488095;0,1129336;2023-07-14 02:59:45.300
1278;120;747676;1;4;0,001488095;0,1129336;2023-07-14 02:59:45.300
1279;120;747678;1;5;0,001488095;0,1129336;2023-07-14 02:59:45.303
1280;121;825650;3;0;0,01333333;0,1919757;2023-07-14 02:59:53.660
1281;121;NULL;3;1;NULL;NULL;2023-07-14 02:59:53.663
1282;121;825268;2;0;0,00344086;0,1686131;2023-07-14 03:00:35.000
1283;121;825269;2;1;0,00344086;0,1686131;2023-07-14 03:00:35.000
1284;121;825270;2;2;0,00344086;0,1686131;2023-07-14 03:00:35.003
1285;121;825271;2;3;0,00344086;0,1686131;2023-07-14 03:00:35.003
1286;121;825272;2;4;0,00344086;0,1686131;2023-07-14 03:00:35.003
1287;121;825273;2;5;0,00344086;0,1686131;2023-07-14 03:00:35.007
1288;121;NULL;1;0;NULL;NULL;2023-07-14 03:01:49.167
1289;122;829379;3;0;0,05797102;0,6309296;2023-07-14 03:02:13.377
1290;122;NULL;3;1;NULL;NULL;2023-07-14 03:02:13.393
1291;122;829783;2;0;0,03726708;0,2153382;2023-07-14 03:03:00.690
1292;122;829784;2;1;0,03726708;0,2153382;2023-07-14 03:03:00.697
1293;122;829785;2;2;0,03726708;0,2153382;2023-07-14 03:03:00.703
1294;122;829786;2;3;0,03726708;0,2153382;2023-07-14 03:03:00.713
1295;122;825191;2;4;0,04347826;0,4999999;2023-07-14 03:03:00.723
1296;122;825192;2;5;0,04347826;0,4999999;2023-07-14 03:03:00.737
1297;122;NULL;1;0;NULL;NULL;2023-07-14 03:04:43.273
1298;123;747672;3;0;0,001488095;0,1129336;2023-07-14 03:04:50.377
1299;123;747670;3;1;0,001488095;0,1129336;2023-07-14 03:04:50.380
1300;123;747671;3;2;0,001488095;0,1129336;2023-07-14 03:04:50.380
1301;123;747667;3;3;0,001488095;0,1129336;2023-07-14 03:04:50.383
1302;123;747676;3;4;0,001488095;0,1129336;2023-07-14 03:04:50.383
1303;123;747678;3;5;0,001488095;0,1129336;2023-07-14 03:04:50.383
1304;123;747672;2;0;8,75436E-07;0,1129336;2023-07-14 03:05:35.880
1305;123;747740;2;1;8,75436E-07;0,1129336;2023-07-14 03:05:35.883
1306;123;747882;2;2;8,75436E-07;0,1129336;2023-07-14 03:05:35.883
1307;123;747939;2;3;8,75436E-07;0,1129336;2023-07-14 03:05:35.883
1308;123;747009;2;4;0,0008865249;0,1314521;2023-07-14 03:05:35.887
1309;123;747269;2;5;0,0008865249;0,1314521;2023-07-14 03:05:35.887
1310;123;747672;1;0;0,001488095;0,1129336;2023-07-14 03:06:52.373
1311;123;747670;1;1;0,001488095;0,1129336;2023-07-14 03:06:52.373
1312;123;747671;1;2;0,001488095;0,1129336;2023-07-14 03:06:52.373
1313;123;747667;1;3;0,001488095;0,1129336;2023-07-14 03:06:52.373
1314;123;747676;1;4;0,001488095;0,1129336;2023-07-14 03:06:52.377
1315;123;747678;1;5;0,001488095;0,1129336;2023-07-14 03:06:52.377
1316;124;414911;3;0;0,09070295;0,2130993;2023-07-14 03:07:11.613
1317;124;NULL;3;1;NULL;NULL;2023-07-14 03:07:11.617
1318;124;NULL;2;0;NULL;NULL;2023-07-14 03:07:57.623
1319;124;NULL;1;0;NULL;NULL;2023-07-14 03:09:26.110
1320;125;747672;3;0;0,001488095;0,1129336;2023-07-14 03:09:32.857
1321;125;747670;3;1;0,001488095;0,1129336;2023-07-14 03:09:32.860
1322;125;747671;3;2;0,001488095;0,1129336;2023-07-14 03:09:32.860
1323;125;747667;3;3;0,001488095;0,1129336;2023-07-14 03:09:32.860
1324;125;747676;3;4;0,001488095;0,1129336;2023-07-14 03:09:32.863
1325;125;747678;3;5;0,001488095;0,1129336;2023-07-14 03:09:32.863
1326;125;747672;2;0;8,75436E-07;0,1129336;2023-07-14 03:10:18.033
1327;125;747924;2;1;8,75436E-07;0,1129336;2023-07-14 03:10:18.033
1328;125;747009;2;2;0,0008865249;0,1314521;2023-07-14 03:10:18.037
1329;125;747485;2;3;0,0008865249;0,1314521;2023-07-14 03:10:18.040
1330;125;745257;2;4;0,0009874918;0,09441511;2023-07-14 03:10:18.040
1331;125;747670;2;5;8,75436E-07;0,1129336;2023-07-14 03:10:18.040
1332;125;747672;1;0;0,001488095;0,1129336;2023-07-14 03:11:33.143
1333;125;747670;1;1;0,001488095;0,1129336;2023-07-14 03:11:33.147
1334;125;747671;1;2;0,001488095;0,1129336;2023-07-14 03:11:33.147
1335;125;747667;1;3;0,001488095;0,1129336;2023-07-14 03:11:33.147
1336;125;747676;1;4;0,001488095;0,1129336;2023-07-14 03:11:33.147
1337;125;747678;1;5;0,001488095;0,1129336;2023-07-14 03:11:33.150
1338;126;747670;3;0;0,001488095;0,1129336;2023-07-14 03:11:40.180
1339;126;747671;3;1;0,001488095;0,1129336;2023-07-14 03:11:40.183
1340;126;747672;3;2;0,001488095;0,1129336;2023-07-14 03:11:40.183
1341;126;747667;3;3;0,001488095;0,1129336;2023-07-14 03:11:40.183
1342;126;747669;3;4;0,001488095;0,1129336;2023-07-14 03:11:40.187
1343;126;747676;3;5;0,001488095;0,1129336;2023-07-14 03:11:40.187
1344;126;747670;2;0;8,75436E-07;0,1129336;2023-07-14 03:12:25.157
1345;126;747924;2;1;8,75436E-07;0,1129336;2023-07-14 03:12:25.160
1346;126;747671;2;2;8,75436E-07;0,1129336;2023-07-14 03:12:25.163
1347;126;747672;2;3;8,75436E-07;0,1129336;2023-07-14 03:12:25.163
1348;126;747961;2;4;8,75436E-07;0,1129336;2023-07-14 03:12:25.167
1349;126;747007;2;5;0,0008865249;0,1314521;2023-07-14 03:12:25.167
1350;126;747670;1;0;0,001488095;0,1129336;2023-07-14 03:13:38.350
1351;126;747671;1;1;0,001488095;0,1129336;2023-07-14 03:13:38.353
1352;126;747672;1;2;0,001488095;0,1129336;2023-07-14 03:13:38.353
1353;126;747667;1;3;0,001488095;0,1129336;2023-07-14 03:13:38.357
1354;126;747669;1;4;0,001488095;0,1129336;2023-07-14 03:13:38.357
1355;126;747676;1;5;0,001488095;0,1129336;2023-07-14 03:13:38.357
1356;127;829787;3;0;0,01333333;0,1919757;2023-07-14 03:13:45.890
1357;127;825648;3;1;0,01333333;0,1919757;2023-07-14 03:13:45.890
1358;127;825649;3;2;0,01333333;0,1919757;2023-07-14 03:13:45.893
1359;127;825650;3;3;0,01333333;0,1919757;2023-07-14 03:13:45.897
1360;127;NULL;3;4;NULL;NULL;2023-07-14 03:13:45.897
1361;127;825269;2;0;0,00344086;0,1686131;2023-07-14 03:14:25.693
1362;127;825270;2;1;0,00344086;0,1686131;2023-07-14 03:14:25.693
1363;127;825271;2;2;0,00344086;0,1686131;2023-07-14 03:14:25.693
1364;127;825272;2;3;0,00344086;0,1686131;2023-07-14 03:14:25.693
1365;127;825273;2;4;0,00344086;0,1686131;2023-07-14 03:14:25.697
1366;127;825275;2;5;0,00344086;0,1686131;2023-07-14 03:14:25.697
1367;127;NULL;1;0;NULL;NULL;2023-07-14 03:15:38.453
1368;128;829379;3;0;0,08888889;0,6309296;2023-07-14 03:16:02.707
1369;128;829380;3;1;0,08888889;0,6309296;2023-07-14 03:16:02.723
1370;128;829381;3;2;0,08888889;0,6309296;2023-07-14 03:16:02.740
1371;128;NULL;3;3;NULL;NULL;2023-07-14 03:16:02.757
1372;128;826699;2;0;1;0;2023-07-14 03:16:48.450
1373;128;NULL;2;1;NULL;NULL;2023-07-14 03:16:48.467
1374;128;NULL;1;0;NULL;NULL;2023-07-14 03:18:15.497
1375;129;911371;3;0;0,00375;0,1766544;2023-07-14 03:18:34.147
1376;129;911372;3;1;0,00375;0,1766544;2023-07-14 03:18:34.150
1377;129;NULL;3;2;NULL;NULL;2023-07-14 03:18:34.150
1378;129;829774;2;0;0,0375;0,2153382;2023-07-14 03:19:20.187
1379;129;829775;2;1;0,0375;0,2153382;2023-07-14 03:19:20.187
1380;129;829776;2;2;0,0375;0,2153382;2023-07-14 03:19:20.187
1381;129;829777;2;3;0,0375;0,2153382;2023-07-14 03:19:20.190
1382;129;829778;2;4;0,0375;0,2153382;2023-07-14 03:19:20.190
1383;129;259957;2;5;1;0;2023-07-14 03:19:20.190
1384;129;NULL;1;0;NULL;NULL;2023-07-14 03:21:01.690
1385;130;829783;3;0;7,70802E-05;0,167784;2023-07-14 03:21:20.520
1386;130;829784;3;1;7,70802E-05;0,167784;2023-07-14 03:21:20.520
1387;130;829785;3;2;7,70802E-05;0,167784;2023-07-14 03:21:20.523
1388;130;829786;3;3;7,70802E-05;0,167784;2023-07-14 03:21:20.523
1389;130;829787;3;4;7,70802E-05;0,167784;2023-07-14 03:21:20.527
1390;130;825648;3;5;7,70802E-05;0,167784;2023-07-14 03:21:20.527
1391;130;826810;2;0;0,01169591;0,1202297;2023-07-14 03:22:05.877
1392;130;826811;2;1;0,01169591;0,1202297;2023-07-14 03:22:05.877
1393;130;830454;2;2;0,01169591;0,1202297;2023-07-14 03:22:05.880
1394;130;830455;2;3;0,01169591;0,1202297;2023-07-14 03:22:05.880
1395;130;830456;2;4;0,01169591;0,1202297;2023-07-14 03:22:05.880
1396;130;830457;2;5;0,01169591;0,1202297;2023-07-14 03:22:05.883
1397;130;NULL;1;0;NULL;NULL;2023-07-14 03:23:34.703
1398;131;829787;3;0;0,01333333;0,1919757;2023-07-14 03:23:42.157
1399;131;825648;3;1;0,01333333;0,1919757;2023-07-14 03:23:42.163
1400;131;825649;3;2;0,01333333;0,1919757;2023-07-14 03:23:42.163
1401;131;825650;3;3;0,01333333;0,1919757;2023-07-14 03:23:42.167
1402;131;NULL;3;4;NULL;NULL;2023-07-14 03:23:42.167
1403;131;825277;2;0;0,00344086;0,1686131;2023-07-14 03:24:23.070
1404;131;825279;2;1;0,00344086;0,1686131;2023-07-14 03:24:23.073
1405;131;825282;2;2;0,00344086;0,1686131;2023-07-14 03:24:23.073
1406;131;825394;2;3;0,00344086;0,1686131;2023-07-14 03:24:23.073
1407;131;825399;2;4;0,00344086;0,1686131;2023-07-14 03:24:23.073
1408;131;825409;2;5;0,00344086;0,1686131;2023-07-14 03:24:23.077
1409;131;NULL;1;0;NULL;NULL;2023-07-14 03:25:36.727
